Maç_Kodu;Güncel_Maç;Hakem_Adı;Lig;Tarih;Ev_Sahibi;Deplasman;MS;İY;Oran_1;Oran_1_Geldi;Oran_X;Oran_X_Geldi;Oran_2;Oran_2_Geldi;Oran_Alt;Oran_Alt_Geldi;Oran_Üst;Oran_Üst_Geldi
2654764;Real Madrid - R. Sociedad;Francisco Jose Hernandez Maeso;İSP;24.01.2026;Sevilla;Ath. Bilbao;2 - 1;1-1;2.61;Evet;2.76;Hayır;2.30;Hayır;1.44;Hayır;2.06;Evet
2654764;Real Madrid - R. Sociedad;Francisco Jose Hernandez Maeso;İSPKK;14.01.2026;Alaves;Vallecano;2 - 0;0-0;2.28;Evet;2.58;Hayır;2.57;Hayır;1.28;Evet;2.30;Hayır
2654764;Real Madrid - R. Sociedad;Francisco Jose Hernandez Maeso;İSP;09.01.2026;Getafe;R. Sociedad;1 - 2;0-1;3.01;Hayır;2.57;Hayır;2.17;Evet;1.21;Hayır;2.82;Evet
2654764;Real Madrid - R. Sociedad;Francisco Jose Hernandez Maeso;İSP;20.12.2025;Real Oviedo;Celta Vigo;0 - 0;0-0;3.29;Hayır;3.05;Evet;1.82;Hayır;1.47;Evet;2.00;Hayır
2654764;Real Madrid - R. Sociedad;Francisco Jose Hernandez Maeso;İSP;06.12.2025;Real Betis;Barcelona;3 - 5;1-4;3.54;Hayır;3.93;Hayır;1.55;Evet;2.76;Hayır;1.22;Evet
2654764;Real Madrid - R. Sociedad;Francisco Jose Hernandez Maeso;İSP;23.11.2025;Elche;Real Madrid;2 - 2;0-0;6.77;Hayır;4.74;Evet;1.22;Hayır;2.22;Hayır;1.37;Evet
2654764;Real Madrid - R. Sociedad;Francisco Jose Hernandez Maeso;İSPKK;28.10.2025;UD Maracena;Valencia;0 - 5;0-0;17.45;Hayır;14.50;Hayır;1.00;Evet;7.55;Hayır;1.00;Evet
2654764;Real Madrid - R. Sociedad;Francisco Jose Hernandez Maeso;İSP;26.09.2025;Girona;Espanyol;0 - 0;0-0;2.13;Hayır;2.93;Evet;2.58;Hayır;1.65;Evet;1.69;Hayır
2654764;Real Madrid - R. Sociedad;Francisco Jose Hernandez Maeso;İSP;21.09.2025;Mallorca;Atl. Madrid;1 - 1;0-0;4.38;Hayır;3.17;Evet;1.53;Hayır;1.48;Evet;1.93;Hayır
2654764;Real Madrid - R. Sociedad;Francisco Jose Hernandez Maeso;İSP;17.08.2025;Ath. Bilbao;Sevilla;3 - 2;2-0;1.39;Evet;3.47;Hayır;5.27;Hayır;1.53;Hayır;1.84;Evet
2654764;Real Madrid - R. Sociedad;Francisco Jose Hernandez Maeso;İSP;18.05.2025;Osasuna;Espanyol;2 - 0;1-0;1.77;Evet;2.87;Hayır;3.32;Hayır;1.49;Evet;1.85;Hayır
2654764;Real Madrid - R. Sociedad;Francisco Jose Hernandez Maeso;İSP;09.05.2025;Las Palmas;Vallecano;0 - 1;0-0;2.14;Hayır;2.91;Hayır;2.70;Evet;1.55;Evet;1.87;Hayır
2654764;Real Madrid - R. Sociedad;Francisco Jose Hernandez Maeso;İSP;24.04.2025;Real Betis;R.Valladolid;5 - 1;1-1;1.10;Evet;5.68;Hayır;10.40;Hayır;2.24;Hayır;1.36;Evet
2654764;Real Madrid - R. Sociedad;Francisco Jose Hernandez Maeso;İSP;12.04.2025;Leganes;Barcelona;0 - 1;0-0;1.00;Hayır;1.00;Hayır;1.00;Evet;1.00;Evet;1.00;Hayır
2654764;Real Madrid - R. Sociedad;Francisco Jose Hernandez Maeso;İSP;30.03.2025;Valencia;Mallorca;1 - 0;0-0;1.82;Evet;2.81;Hayır;3.52;Hayır;1.32;Evet;2.31;Hayır
2654764;Real Madrid - R. Sociedad;Francisco Jose Hernandez Maeso;İSP;09.03.2025;Real Madrid;Vallecano;2 - 1;2-1;1.14;Evet;5.25;Hayır;8.38;Hayır;2.18;Hayır;1.37;Evet
2654764;Real Madrid - R. Sociedad;Francisco Jose Hernandez Maeso;İSP;23.02.2025;R. Sociedad;Leganes;3 - 0;1-0;1.37;Evet;3.38;Hayır;6.20;Hayır;1.36;Hayır;2.21;Evet
2654764;Real Madrid - R. Sociedad;Francisco Jose Hernandez Maeso;İSP;08.02.2025;Las Palmas;Villarreal;1 - 2;0-0;3.62;Hayır;3.34;Hayır;1.63;Evet;1.96;Hayır;1.48;Evet
2654764;Real Madrid - R. Sociedad;Francisco Jose Hernandez Maeso;İSP;27.01.2025;Alaves;Celta Vigo;1 - 1;1-0;2.45;Hayır;2.63;Evet;2.50;Hayır;1.48;Evet;1.96;Hayır
2654764;Real Madrid - R. Sociedad;Francisco Jose Hernandez Maeso;İSPKK;16.01.2025;R. Sociedad;Vallecano;3 - 1;2-1;1.48;Evet;3.22;Hayır;5.01;Hayır;1.49;Hayır;1.93;Evet
2648224;Groningen - Utrecht;Serdar Gozubuyuk;HOL;06.02.2026;NAC Breda;Excelsior;0 - 2;0-2;1.72;Hayır;3.23;Hayır;3.46;Evet;1.79;Evet;1.61;Hayır
2648224;Groningen - Utrecht;Serdar Gozubuyuk;HOL;31.01.2026;AZ Alkmaar;NEC Nijmegen;1 - 3;1-2;1.58;Hayır;3.80;Hayır;3.52;Evet;2.48;Hayır;1.29;Evet
2648224;Groningen - Utrecht;Serdar Gozubuyuk;HOL;25.01.2026;Feyenoord;Heracles;4 - 2;2-1;1.10;Evet;6.10;Hayır;9.34;Hayır;2.95;Hayır;1.19;Evet
2648224;Groningen - Utrecht;Serdar Gozubuyuk;ŞL;21.01.2026;Juventus;Benfica;2 - 0;0-0;1.61;Evet;3.23;Hayır;4.03;Hayır;1.65;Evet;1.74;Hayır
2648224;Groningen - Utrecht;Serdar Gozubuyuk;HOL;17.01.2026;Ajax;Go Ahead;2 - 2;2-0;1.30;Hayır;4.46;Evet;5.34;Hayır;2.60;Hayır;1.26;Evet
2648224;Groningen - Utrecht;Serdar Gozubuyuk;HOLK;13.01.2026;Utrecht;Twente;1 - 2;1-0;2.08;Hayır;3.03;Hayır;2.48;Evet;1.74;Hayır;1.56;Evet
2648224;Groningen - Utrecht;Serdar Gozubuyuk;HOL;10.01.2026;Groningen;NAC Breda;0 - 0;0-0;1.50;Hayır;3.52;Evet;4.30;Hayır;1.83;Evet;1.58;Hayır
2648224;Groningen - Utrecht;Serdar Gozubuyuk;SA;26.12.2025;Al Hilal;Al Khaleej;3 - 2;2-0;1.00;Evet;6.17;Hayır;9.90;Hayır;2.91;Hayır;1.14;Evet
2648224;Groningen - Utrecht;Serdar Gozubuyuk;HOL;14.12.2025;Ajax;Feyenoord;2 - 0;1-0;2.72;Evet;3.42;Hayır;1.92;Hayır;2.18;Evet;1.39;Hayır
2648224;Groningen - Utrecht;Serdar Gozubuyuk;ŞL;10.12.2025;B.Leverkusen;Newcastle U.;2 - 2;1-0;2.46;Hayır;3.17;Evet;2.18;Hayır;1.87;Hayır;1.55;Evet
2648224;Groningen - Utrecht;Serdar Gozubuyuk;HOL;06.12.2025;Heerenveen;PSV;0 - 2;0-2;4.34;Hayır;4.45;Hayır;1.38;Evet;3.10;Evet;1.17;Hayır
2648224;Groningen - Utrecht;Serdar Gozubuyuk;HOL;29.11.2025;Excelsior;NAC Breda;1 - 0;1-0;2.02;Evet;3.16;Hayır;2.70;Hayır;1.90;Evet;1.53;Hayır
2648224;Groningen - Utrecht;Serdar Gozubuyuk;HOL1;21.11.2025;SC Cambuur;ADO Den Haag;2 - 0;0-0;3.11;Evet;3.42;Hayır;1.67;Hayır;2.09;Evet;1.35;Hayır
2648224;Groningen - Utrecht;Serdar Gozubuyuk;HOL;09.11.2025;AZ Alkmaar;PSV;1 - 5;1-3;2.63;Hayır;3.52;Hayır;1.89;Evet;2.51;Hayır;1.26;Evet
2648224;Groningen - Utrecht;Serdar Gozubuyuk;SA;06.11.2025;Al Qadisiyah;AL Khlood;4 - 0;1-0;1.23;Evet;4.15;Hayır;5.77;Hayır;1.91;Hayır;1.42;Evet
2648224;Groningen - Utrecht;Serdar Gozubuyuk;HOL;02.11.2025;Utrecht;NEC Nijmegen;1 - 0;1-0;1.83;Evet;3.19;Hayır;3.00;Hayır;2.10;Evet;1.40;Hayır
2648224;Groningen - Utrecht;Serdar Gozubuyuk;HOL;26.10.2025;Twente;Ajax;2 - 3;1-0;2.11;Hayır;3.25;Hayır;2.43;Evet;2.09;Hayır;1.40;Evet
2648224;Groningen - Utrecht;Serdar Gozubuyuk;ŞL;21.10.2025;Villarreal;Man. City;0 - 2;0-2;3.91;Hayır;3.59;Hayır;1.52;Evet;2.03;Evet;1.43;Hayır
2648224;Groningen - Utrecht;Serdar Gozubuyuk;DÜN;11.10.2025;Estonya;İtalya;1 - 3;0-2;17.45;Hayır;9.51;Hayır;1.00;Evet;2.48;Hayır;1.27;Evet
2648224;Groningen - Utrecht;Serdar Gozubuyuk;ŞL;01.10.2025;Karabağ;Kopenhag;2 - 0;1-0;2.34;Evet;3.04;Hayır;2.26;Hayır;1.75;Evet;1.60;Hayır
2664830;Liverpool - Brighton;Stuart Attwell;İNP;07.02.2026;Fulham;Everton;1 - 2;1-0;1.87;Hayır;2.92;Hayır;3.31;Evet;1.47;Hayır;1.99;Evet
2664830;Liverpool - Brighton;Stuart Attwell;İNP;31.01.2026;Leeds Utd;Arsenal;0 - 4;0-2;5.53;Hayır;3.80;Hayır;1.36;Evet;1.70;Hayır;1.69;Evet
2664830;Liverpool - Brighton;Stuart Attwell;İNP;07.01.2026;Burnley;Man. Utd;2 - 2;1-0;4.02;Hayır;3.52;Evet;1.54;Hayır;1.89;Hayır;1.54;Evet
2664830;Liverpool - Brighton;Stuart Attwell;İNP;04.01.2026;Tottenham;Sunderland;1 - 1;1-0;1.61;Hayır;3.28;Evet;3.95;Hayır;1.63;Evet;1.75;Hayır
2664830;Liverpool - Brighton;Stuart Attwell;İNP;27.12.2025;Chelsea;Aston Villa;1 - 2;1-0;1.63;Hayır;3.44;Hayır;3.59;Evet;1.94;Hayır;1.51;Evet
2664830;Liverpool - Brighton;Stuart Attwell;İNLK;23.12.2025;Arsenal;Crystal P.;1 - 1;0-0;1.41;Hayır;3.62;Evet;5.05;Hayır;1.64;Evet;1.75;Hayır
2664830;Liverpool - Brighton;Stuart Attwell;İNP;06.12.2025;Newcastle U.;Burnley;2 - 1;2-0;1.14;Evet;5.22;Hayır;8.90;Hayır;2.10;Hayır;1.41;Evet
2664830;Liverpool - Brighton;Stuart Attwell;İNP;03.12.2025;Liverpool;Sunderland;1 - 1;0-0;1.21;Hayır;4.71;Evet;6.95;Hayır;2.15;Evet;1.40;Hayır
2664830;Liverpool - Brighton;Stuart Attwell;İNP;29.11.2025;Tottenham;Fulham;1 - 2;0-2;1.88;Hayır;3.08;Hayır;3.09;Evet;1.72;Hayır;1.67;Evet
2664830;Liverpool - Brighton;Stuart Attwell;İNP;09.11.2025;Brentford;Newcastle U.;3 - 1;0-1;2.57;Evet;3.02;Hayır;2.11;Hayır;1.77;Hayır;1.60;Evet
2664830;Liverpool - Brighton;Stuart Attwell;İNP;01.11.2025;Liverpool;Aston Villa;2 - 0;1-0;1.40;Evet;3.94;Hayır;4.41;Hayır;2.19;Evet;1.36;Hayır
2664830;Liverpool - Brighton;Stuart Attwell;İNP;24.10.2025;Leeds Utd;West Ham;2 - 1;2-0;1.63;Evet;3.18;Hayır;3.77;Hayır;1.61;Hayır;1.76;Evet
2664830;Liverpool - Brighton;Stuart Attwell;İNP;04.10.2025;Man. Utd;Sunderland;2 - 0;2-0;1.32;Evet;4.07;Hayır;5.38;Hayır;1.98;Evet;1.46;Hayır
2664830;Liverpool - Brighton;Stuart Attwell;İNP;21.09.2025;Arsenal;Man. City;1 - 1;0-1;1.70;Hayır;3.26;Evet;3.34;Hayır;1.80;Evet;1.56;Hayır
2664830;Liverpool - Brighton;Stuart Attwell;İNP;13.09.2025;Brentford;Chelsea;2 - 2;1-0;3.95;Hayır;3.42;Evet;1.54;Hayır;1.86;Hayır;1.52;Evet
2664830;Liverpool - Brighton;Stuart Attwell;İNP;31.08.2025;Aston Villa;Crystal P.;0 - 3;0-1;1.68;Hayır;3.18;Hayır;3.51;Evet;1.64;Hayır;1.71;Evet
2664830;Liverpool - Brighton;Stuart Attwell;İNP;24.08.2025;Everton;Brighton;2 - 0;1-0;2.63;Evet;2.90;Hayır;2.13;Hayır;1.57;Evet;1.79;Hayır
2664830;Liverpool - Brighton;Stuart Attwell;HAZ;08.08.2025;Chelsea;B.Leverkusen;2 - 0;1-0;1.64;Evet;4.06;Hayır;2.97;Hayır;2.91;Evet;1.17;Hayır
2664830;Liverpool - Brighton;Stuart Attwell;İNFK;17.05.2025;Crystal P.;Man. City;;1-0;4.36;Evet;3.73;Hayır;1.46;Hayır;1.89;Evet;1.53;Hayır
2664830;Liverpool - Brighton;Stuart Attwell;İNP;10.05.2025;Bournemouth;Aston Villa;0 - 1;0-1;2.16;Hayır;3.26;Hayır;2.43;Evet;2.07;Evet;1.43;Hayır
2654434;Granada - Real Valladolid;Luis Bestard Servera;İSP2;07.02.2026;Zaragoza;Eibar;1 - 1;1-0;2.42;Hayır;2.79;Evet;2.45;Hayır;1.33;Evet;2.31;Hayır
2654434;Granada - Real Valladolid;Luis Bestard Servera;İSP2;23.01.2026;Malaga;Burgos;3 - 0;2-0;2.01;Evet;2.72;Hayır;3.18;Hayır;1.33;Hayır;2.34;Evet
2654434;Granada - Real Valladolid;Luis Bestard Servera;İSP2;11.01.2026;Granada;Castellon;0 - 0;0-0;2.57;Hayır;3.04;Evet;2.16;Hayır;1.65;Evet;1.75;Hayır
2654434;Granada - Real Valladolid;Luis Bestard Servera;İSP2;21.12.2025;Mirandes;Cordoba;1 - 2;1-1;2.87;Hayır;2.98;Hayır;2.02;Evet;1.55;Hayır;1.86;Evet
2654434;Granada - Real Valladolid;Luis Bestard Servera;İSP2;07.12.2025;Eibar;C. Leonesa;1 - 2;1-1;1.57;Hayır;3.19;Hayır;4.35;Evet;1.54;Hayır;1.89;Evet
2654434;Granada - Real Valladolid;Luis Bestard Servera;İSP2;23.11.2025;Burgos;Santander;0 - 2;0-1;2.21;Hayır;2.88;Hayır;2.63;Evet;1.55;Evet;1.87;Hayır
2654434;Granada - Real Valladolid;Luis Bestard Servera;İSP2;09.11.2025;Cadiz;R.Valladolid;0 - 0;0-0;2.45;Hayır;2.81;Evet;2.34;Hayır;1.42;Evet;2.04;Hayır
2654434;Granada - Real Valladolid;Luis Bestard Servera;İSP2;24.10.2025;Huesca;Las Palmas;1 - 1;1-0;2.43;Hayır;2.77;Evet;2.38;Hayır;1.00;Evet;1.00;Hayır
2654434;Granada - Real Valladolid;Luis Bestard Servera;İSP2;11.10.2025;Almeria;Zaragoza;4 - 2;0-0;1.47;Evet;3.57;Hayır;4.32;Hayır;1.74;Hayır;1.62;Evet
2654434;Granada - Real Valladolid;Luis Bestard Servera;İSP2;28.09.2025;R. Sociedad;Cordoba;1 - 1;1-0;2.86;Hayır;3.04;Evet;1.92;Hayır;1.61;Evet;1.73;Hayır
2654434;Granada - Real Valladolid;Luis Bestard Servera;İSP2;13.09.2025;Mirandes;Deportivo;1 - 5;0-2;2.78;Hayır;2.75;Hayır;2.12;Evet;1.37;Hayır;2.16;Evet
2654434;Granada - Real Valladolid;Luis Bestard Servera;İSP2;30.08.2025;Santander;Ceuta;4 - 1;2-1;1.40;Evet;3.54;Hayır;5.06;Hayır;1.71;Hayır;1.64;Evet
2654434;Granada - Real Valladolid;Luis Bestard Servera;İSP2;17.08.2025;Las Palmas;Andorra;1 - 1;1-0;1.41;Hayır;3.51;Evet;5.01;Hayır;1.67;Evet;1.68;Hayır
2654434;Granada - Real Valladolid;Luis Bestard Servera;İSPKK;19.12.2019;UD Cornella;Orihuela;0 - 0;0-0;1.45;Hayır;3.10;Evet;4.25;Hayır;1.70;Evet;1.65;Hayır
2720775;D. Maldonado - CA Progreso;Gustavo Tejera;URU;14.02.2026;L.Montevideo;Defensor Sp.;1 - 2;1-1;2.02;Hayır;2.70;Hayır;2.84;Evet;1.40;Hayır;2.00;Evet
2720775;D. Maldonado - CA Progreso;Gustavo Tejera;URU;08.02.2026;R.Montevideo;D. Maldonado;2 - 4;1-2;1.88;Hayır;2.78;Hayır;3.08;Evet;1.33;Hayır;2.15;Evet
2720775;D. Maldonado - CA Progreso;Gustavo Tejera;SA;05.02.2026;AL Akhdood;Al Hilal;0 - 6;0-1;14.50;Hayır;7.11;Hayır;1.00;Evet;2.81;Hayır;1.16;Evet
2720775;D. Maldonado - CA Progreso;Gustavo Tejera;URU;30.11.2025;Nacional;Penarol;0 - 0;0-0;2.09;Hayır;2.72;Evet;2.70;Hayır;1.47;Evet;1.88;Hayır
2720775;D. Maldonado - CA Progreso;Gustavo Tejera;URU;03.11.2025;Penarol;Defensor Sp.;2 - 1;1-1;1.27;Evet;3.71;Hayır;6.06;Hayır;1.60;Hayır;1.67;Evet
2720775;D. Maldonado - CA Progreso;Gustavo Tejera;URU;27.10.2025;Montevideo;Nacional;0 - 0;0-0;5.35;Hayır;3.50;Evet;1.33;Hayır;1.53;Evet;1.75;Hayır
2720775;D. Maldonado - CA Progreso;Gustavo Tejera;U20;15.10.2025;Fas;Fransa;;1-0;2.58;Hayır;3.00;Evet;1.98;Hayır;1.87;Evet;1.45;Hayır
2720775;D. Maldonado - CA Progreso;Gustavo Tejera;U20;09.10.2025;ABD;İtalya;;1-0;2.32;Evet;2.63;Hayır;2.40;Hayır;1.54;Hayır;1.73;Evet
2720775;D. Maldonado - CA Progreso;Gustavo Tejera;U20;06.10.2025;Suudi A.;Norveç;;0-0;4.56;Hayır;3.32;Evet;1.41;Hayır;1.69;Evet;1.58;Hayır
2720775;D. Maldonado - CA Progreso;Gustavo Tejera;U20;02.10.2025;ABD;Fransa;;0-0;2.08;Evet;3.04;Hayır;2.35;Hayır;1.73;Hayır;1.54;Evet
2720775;D. Maldonado - CA Progreso;Gustavo Tejera;U20;28.09.2025;Fas;İspanya;;0-0;3.97;Evet;3.48;Hayır;1.44;Hayır;1.69;Evet;1.55;Hayır
2720775;D. Maldonado - CA Progreso;Gustavo Tejera;URU;20.09.2025;Defensor Sp.;Danubio;2 - 1;1-1;1.97;Evet;2.65;Hayır;2.88;Hayır;1.00;Hayır;1.00;Evet
2720775;D. Maldonado - CA Progreso;Gustavo Tejera;SUD;17.09.2025;Lanus;Fluminense;1 - 0;0-0;2.08;Evet;2.64;Hayır;2.98;Hayır;1.24;Evet;2.55;Hayır
2720775;D. Maldonado - CA Progreso;Gustavo Tejera;URU;13.09.2025;L.Montevideo;Penarol;2 - 2;2-1;3.26;Hayır;2.85;Evet;1.75;Hayır;1.37;Hayır;1.99;Evet
2720775;D. Maldonado - CA Progreso;Gustavo Tejera;URU;08.09.2025;Nacional;R.Montevideo;3 - 0;2-0;1.38;Evet;3.43;Hayır;4.63;Hayır;1.62;Hayır;1.64;Evet
2720775;D. Maldonado - CA Progreso;Gustavo Tejera;URU;24.08.2025;Ca Cerro;L.Montevideo;2 - 1;1-1;3.48;Evet;2.84;Hayır;1.70;Hayır;1.36;Hayır;2.02;Evet
2720775;D. Maldonado - CA Progreso;Gustavo Tejera;URU;16.08.2025;Boston River;Penarol;2 - 1;1-0;3.45;Evet;2.88;Hayır;1.69;Hayır;1.41;Hayır;1.92;Evet
2720775;D. Maldonado - CA Progreso;Gustavo Tejera;LİB;13.08.2025;Atl.Nacional;Sao Paulo;0 - 0;0-0;1.95;Hayır;2.76;Evet;3.12;Hayır;1.31;Evet;2.32;Hayır
2720775;D. Maldonado - CA Progreso;Gustavo Tejera;URU;09.08.2025;Progreso;Cerro Largo;1 - 2;0-1;2.09;Hayır;2.72;Hayır;2.60;Evet;1.36;Hayır;2.04;Evet
2720775;D. Maldonado - CA Progreso;Gustavo Tejera;URU;03.08.2025;L.Montevideo;Danubio;0 - 0;0-0;1.69;Hayır;2.81;Evet;3.54;Hayır;1.37;Evet;2.01;Hayır
2654576;Paris - RC Lens;Bastein Dechepy;FRA;31.01.2026;Lorient;Nantes;2 - 1;1-0;1.64;Evet;3.19;Hayır;3.87;Hayır;1.58;Hayır;1.82;Evet
2654576;Paris - RC Lens;Bastein Dechepy;FRA;17.01.2026;Lens;Auxerre;1 - 0;0-0;1.27;Evet;4.22;Hayır;6.30;Hayır;1.89;Evet;1.54;Hayır
2654576;Paris - RC Lens;Bastein Dechepy;FRA;13.12.2025;Paris;Toulouse;0 - 3;0-2;2.15;Hayır;3.00;Hayır;2.62;Evet;1.62;Hayır;1.77;Evet
2654576;Paris - RC Lens;Bastein Dechepy;FRA;30.11.2025;Strasbourg;Brest;1 - 2;1-0;1.63;Hayır;3.38;Hayır;3.68;Evet;1.88;Hayır;1.54;Evet
2654576;Paris - RC Lens;Bastein Dechepy;FRA2;21.11.2025;Boulogne;Grenoble;3 - 1;0-1;2.18;Evet;2.89;Hayır;2.66;Hayır;1.47;Hayır;2.01;Evet
2654576;Paris - RC Lens;Bastein Dechepy;FRA;08.11.2025;Monaco;Lens;1 - 4;1-3;1.81;Hayır;3.38;Hayır;2.92;Evet;2.18;Hayır;1.36;Evet
2654576;Paris - RC Lens;Bastein Dechepy;FRA;29.10.2025;Nice;Lille;2 - 0;1-0;2.20;Evet;3.11;Hayır;2.41;Hayır;1.81;Evet;1.56;Hayır
2654576;Paris - RC Lens;Bastein Dechepy;FRA;18.10.2025;Marsilya;Le Havre;6 - 2;1-1;1.17;Evet;4.80;Hayır;7.70;Hayır;2.04;Hayır;1.42;Evet
2654576;Paris - RC Lens;Bastein Dechepy;FRA;28.09.2025;Rennes;Lens;0 - 0;0-0;2.16;Hayır;3.07;Evet;2.45;Hayır;1.86;Evet;1.52;Hayır
2654576;Paris - RC Lens;Bastein Dechepy;FRA;14.09.2025;Brest;Paris;1 - 2;0-2;1.91;Hayır;3.12;Hayır;2.83;Evet;1.82;Hayır;1.55;Evet
2654576;Paris - RC Lens;Bastein Dechepy;FRA;24.08.2025;Strasbourg;Nantes;1 - 0;0-0;1.56;Evet;3.25;Hayır;4.05;Hayır;1.67;Evet;1.67;Hayır
2654576;Paris - RC Lens;Bastein Dechepy;FRA;10.05.2025;Toulouse;Lens;1 - 1;0-0;2.01;Hayır;3.12;Evet;2.75;Hayır;1.79;Evet;1.61;Hayır
2654576;Paris - RC Lens;Bastein Dechepy;FRA2;02.05.2025;Guingamp;Bastia;2 - 2;1-1;1.53;Hayır;3.19;Evet;4.02;Hayır;1.55;Hayır;1.75;Evet
2654576;Paris - RC Lens;Bastein Dechepy;FRA2;28.03.2025;Clermont;Amiens;1 - 1;1-0;1.87;Hayır;3.00;Evet;3.21;Hayır;1.59;Evet;1.81;Hayır
2654576;Paris - RC Lens;Bastein Dechepy;FRA;16.03.2025;Lyon;Le Havre;4 - 2;1-2;1.21;Evet;4.75;Hayır;6.61;Hayır;2.22;Hayır;1.36;Evet
2654576;Paris - RC Lens;Bastein Dechepy;FRA;22.02.2025;St. Etienne;Angers;3 - 3;1-2;2.09;Hayır;2.96;Evet;2.69;Hayır;1.59;Hayır;1.78;Evet
2654576;Paris - RC Lens;Bastein Dechepy;FRA;14.02.2025;Brest;Auxerre;2 - 2;0-1;1.87;Hayır;3.02;Evet;3.11;Hayır;1.67;Hayır;1.69;Evet
2654576;Paris - RC Lens;Bastein Dechepy;FRA;31.01.2025;Montpellier;Lens;0 - 2;0-1;3.61;Hayır;3.38;Hayır;1.63;Evet;1.96;Evet;1.48;Hayır
2654576;Paris - RC Lens;Bastein Dechepy;FRA;19.01.2025;Marsilya;Strasbourg;1 - 1;0-1;1.39;Hayır;3.89;Evet;4.73;Hayır;2.07;Evet;1.42;Hayır
2654576;Paris - RC Lens;Bastein Dechepy;FRA2;11.01.2025;Bastia;Ajaccio;4 - 0;3-0;1.48;Evet;3.10;Hayır;5.24;Hayır;1.33;Hayır;2.28;Evet
2653901;Gil Vicente - Braga;Claudio Filipe Ruivo Pereira;POR2;07.02.2026;Leixoes;Feirense;2 - 1;1-0;2.24;Evet;2.71;Hayır;2.50;Hayır;1.43;Hayır;1.94;Evet
2653901;Gil Vicente - Braga;Claudio Filipe Ruivo Pereira;POR2;31.01.2026;A. Viseu;Torreense;1 - 0;1-0;1.81;Evet;2.84;Hayır;3.21;Hayır;1.46;Evet;1.89;Hayır
2653901;Gil Vicente - Braga;Claudio Filipe Ruivo Pereira;POR;17.01.2026;Rio Ave;Benfica;0 - 2;0-2;8.65;Hayır;4.81;Hayır;1.17;Evet;1.96;Evet;1.49;Hayır
2653901;Gil Vicente - Braga;Claudio Filipe Ruivo Pereira;POR;04.01.2026;Santa Clara;Porto;0 - 1;0-0;6.69;Hayır;3.61;Hayır;1.33;Evet;1.46;Evet;2.02;Hayır
2653901;Gil Vicente - Braga;Claudio Filipe Ruivo Pereira;POR;20.12.2025;Estrela;Moreirense;0 - 0;0-0;2.09;Hayır;2.91;Evet;2.80;Hayır;1.46;Evet;2.02;Hayır
2653901;Gil Vicente - Braga;Claudio Filipe Ruivo Pereira;POR;06.12.2025;Famalicao;Braga;1 - 2;1-1;2.94;Hayır;3.07;Hayır;1.95;Evet;1.60;Hayır;1.80;Evet
2653901;Gil Vicente - Braga;Claudio Filipe Ruivo Pereira;POR;29.11.2025;Gil Vicente;Tondela;0 - 1;0-1;1.45;Hayır;3.40;Hayır;5.11;Evet;1.51;Evet;1.94;Hayır
2653901;Gil Vicente - Braga;Claudio Filipe Ruivo Pereira;POR;07.11.2025;Estoril P.;Arouca;4 - 3;2-2;1.81;Evet;3.24;Hayır;3.04;Hayır;1.67;Hayır;1.68;Evet
2653901;Gil Vicente - Braga;Claudio Filipe Ruivo Pereira;POR;01.11.2025;N. Madeira;Famalicao;0 - 1;0-1;2.74;Hayır;3.05;Hayır;2.01;Evet;1.58;Evet;1.79;Hayır
2653901;Gil Vicente - Braga;Claudio Filipe Ruivo Pereira;POR;05.10.2025;Sporting CP;Braga;1 - 1;1-0;1.29;Hayır;4.06;Evet;5.61;Hayır;1.93;Evet;1.47;Hayır
2653901;Gil Vicente - Braga;Claudio Filipe Ruivo Pereira;POR;28.09.2025;Famalicao;Rio Ave;0 - 0;0-0;1.60;Hayır;3.25;Evet;3.77;Hayır;1.63;Evet;1.71;Hayır
2653901;Gil Vicente - Braga;Claudio Filipe Ruivo Pereira;POR2;14.09.2025;Maritimo;Vizela;1 - 1;0-1;2.54;Hayır;2.81;Evet;2.08;Hayır;1.47;Evet;1.83;Hayır
2653901;Gil Vicente - Braga;Claudio Filipe Ruivo Pereira;POR2;29.08.2025;Leiria;Torreense;1 - 0;1-0;1.95;Evet;2.81;Hayır;2.77;Hayır;1.51;Evet;1.77;Hayır
2653901;Gil Vicente - Braga;Claudio Filipe Ruivo Pereira;POR;17.08.2025;Rio Ave;N. Madeira;1 - 1;1-0;2.04;Hayır;2.89;Evet;2.78;Hayır;1.57;Evet;1.79;Hayır
2653901;Gil Vicente - Braga;Claudio Filipe Ruivo Pereira;POR;10.08.2025;Braga;Tondela;3 - 0;2-0;1.21;Evet;4.34;Hayır;7.18;Hayır;1.83;Hayır;1.55;Evet
2653901;Gil Vicente - Braga;Claudio Filipe Ruivo Pereira;POR;17.05.2025;S. Farense;Santa Clara;1 - 2;1-1;2.38;Hayır;2.77;Hayır;2.50;Evet;1.37;Hayır;2.21;Evet
2653901;Gil Vicente - Braga;Claudio Filipe Ruivo Pereira;POR;11.05.2025;Boavista;Porto;1 - 2;1-2;6.93;Hayır;4.36;Hayır;1.24;Evet;1.86;Hayır;1.56;Evet
2653901;Gil Vicente - Braga;Claudio Filipe Ruivo Pereira;POR2;04.05.2025;Tondela;Chaves;2 - 1;1-0;1.91;Evet;2.75;Hayır;3.04;Hayır;1.37;Hayır;2.05;Evet
2653901;Gil Vicente - Braga;Claudio Filipe Ruivo Pereira;POR;12.04.2025;Santa Clara;Sporting CP;0 - 1;0-0;5.03;Hayır;3.35;Hayır;1.46;Evet;1.49;Evet;1.96;Hayır
2653901;Gil Vicente - Braga;Claudio Filipe Ruivo Pereira;POR;07.04.2025;Rio Ave;Boavista;0 - 2;0-1;1.65;Hayır;3.13;Hayır;3.89;Evet;1.52;Evet;1.90;Hayır
2653738;Banfield - Racing Club;Pablo Dovalo;ARJSL;08.02.2026;CA Platense;Independient;0 - 1;0-0;2.70;Hayır;2.47;Hayır;2.47;Evet;1.17;Evet;3.07;Hayır
2653738;Banfield - Racing Club;Pablo Dovalo;ARJSL;03.02.2026;A. Juniors;Belgrano;0 - 0;0-0;1.65;Hayır;2.88;Evet;4.45;Hayır;1.32;Evet;2.37;Hayır
2653738;Banfield - Racing Club;Pablo Dovalo;ARJSL;29.01.2026;River Plate;Gimnasia;2 - 0;1-0;1.33;Evet;3.61;Hayır;6.38;Hayır;1.47;Evet;2.00;Hayır
2653738;Banfield - Racing Club;Pablo Dovalo;ARJSL;24.01.2026;San Lorenzo;Lanus;2 - 3;0-2;2.19;Hayır;2.43;Hayır;3.20;Evet;1.17;Hayır;3.07;Evet
2653738;Banfield - Racing Club;Pablo Dovalo;ARJSL;23.11.2025;Rosario C.;Estudiantes;0 - 1;0-1;1.96;Hayır;2.70;Hayır;3.32;Evet;1.27;Evet;2.57;Hayır
2653738;Banfield - Racing Club;Pablo Dovalo;ARJSL;15.11.2025;Lanus;Atl. Tucuman;3 - 1;1-1;1.71;Evet;2.95;Hayır;3.88;Hayır;1.38;Hayır;2.20;Evet
2653738;Banfield - Racing Club;Pablo Dovalo;ARJSL;19.10.2025;Boca Juniors;Belgrano;1 - 2;0-0;1.61;Hayır;2.89;Hayır;4.49;Evet;1.34;Hayır;2.23;Evet
2653738;Banfield - Racing Club;Pablo Dovalo;ARJSL;10.10.2025;San Lorenzo;San Martin;0 - 1;0-0;1.65;Hayır;2.65;Hayır;4.82;Evet;1.17;Evet;2.95;Hayır
2653738;Banfield - Racing Club;Pablo Dovalo;ARJSL;05.10.2025;Huracan;Banfield;1 - 0;1-0;1.70;Evet;2.69;Hayır;4.18;Hayır;1.21;Evet;2.67;Hayır
2653738;Banfield - Racing Club;Pablo Dovalo;ARJSL;28.09.2025;Talleres;CA Sarmiento;1 - 0;0-0;1.60;Evet;2.92;Hayır;4.30;Hayır;1.32;Evet;2.28;Hayır
2653738;Banfield - Racing Club;Pablo Dovalo;ARJSL;20.09.2025;Lanus;CA Platense;2 - 1;2-0;2.04;Evet;2.42;Hayır;3.43;Hayır;1.16;Hayır;3.00;Evet
2653738;Banfield - Racing Club;Pablo Dovalo;ARJSL;01.09.2025;Gimnasia;Atl. Tucuman;1 - 0;0-0;2.01;Evet;2.55;Hayır;3.28;Hayır;1.28;Evet;2.43;Hayır
2653738;Banfield - Racing Club;Pablo Dovalo;ARJSL;24.08.2025;A. Juniors;Racing Club;4 - 1;1-1;1.91;Evet;2.76;Hayır;3.23;Hayır;1.31;Hayır;2.31;Evet
2653738;Banfield - Racing Club;Pablo Dovalo;ARJSL;18.08.2025;Independient;Boca Juniors;0 - 3;0-1;2.48;Hayır;2.66;Hayır;2.40;Evet;1.27;Hayır;2.44;Evet
2653738;Banfield - Racing Club;Pablo Dovalo;ARJSL;22.07.2025;D. Justicia;CA Aldosivi;2 - 0;0-0;1.71;Evet;2.98;Hayır;3.83;Hayır;1.45;Evet;2.03;Hayır
2653738;Banfield - Racing Club;Pablo Dovalo;ARJSL;12.07.2025;Rosario C.;Godoy Cruz;1 - 1;0-0;1.55;Hayır;2.80;Evet;4.72;Hayır;1.26;Evet;2.38;Hayır
2653738;Banfield - Racing Club;Pablo Dovalo;ARJK;03.07.2025;CA Platense;Independient;2 - 2;1-1;2.11;Hayır;2.46;Evet;3.00;Hayır;1.20;Hayır;2.61;Evet
2653738;Banfield - Racing Club;Pablo Dovalo;ARJSL;29.04.2025;D. Justicia;Racing Club;1 - 2;0-0;2.57;Hayır;2.90;Hayır;2.09;Evet;1.55;Hayır;1.75;Evet
2653738;Banfield - Racing Club;Pablo Dovalo;ARJSL;05.04.2025;Estudiantes;Belgrano;0 - 1;0-1;1.55;Hayır;3.09;Hayır;4.04;Evet;1.50;Evet;1.82;Hayır
2653738;Banfield - Racing Club;Pablo Dovalo;ARJSL;29.03.2025;CA Platense;Atl. Tucuman;2 - 1;1-1;1.86;Evet;2.57;Hayır;3.48;Hayır;1.20;Hayır;2.65;Evet
2664910;Deportes Limache - O'Higgins;Hector Jona;ŞİL;31.01.2026;U.Concepcion;Coquimbo Uni;1 - 0;0-0;2.95;Evet;3.04;Hayır;1.83;Hayır;1.69;Evet;1.60;Hayır
2664910;Deportes Limache - O'Higgins;Hector Jona;ŞİL;06.12.2025;CD Palestino;Huachipato;2 - 2;1-1;1.54;Hayır;3.37;Evet;3.73;Hayır;1.81;Hayır;1.51;Evet
2664910;Deportes Limache - O'Higgins;Hector Jona;ŞİL;22.11.2025;Iquique;Cobresal;2 - 1;0-1;1.81;Evet;3.18;Hayır;2.85;Hayır;1.92;Hayır;1.44;Evet
2664910;Deportes Limache - O'Higgins;Hector Jona;ŞİL;08.11.2025;U. Espanola;Colo Colo;1 - 2;1-1;2.88;Hayır;3.10;Hayır;1.80;Evet;1.75;Hayır;1.53;Evet
2664910;Deportes Limache - O'Higgins;Hector Jona;ŞİL;02.11.2025;U. Catolica;O Higgins;0 - 2;0-1;1.80;Hayır;2.92;Hayır;3.06;Evet;1.54;Evet;1.73;Hayır
2664910;Deportes Limache - O'Higgins;Hector Jona;ŞİL;26.10.2025;Cobresal;U. Espanola;1 - 0;0-0;1.76;Evet;3.05;Hayır;3.02;Hayır;1.68;Evet;1.58;Hayır
2664910;Deportes Limache - O'Higgins;Hector Jona;ŞİL;10.10.2025;U. Catolica;Nublense;1 - 0;1-0;1.61;Evet;3.02;Hayır;3.65;Hayır;1.59;Evet;1.68;Hayır
2664910;Deportes Limache - O'Higgins;Hector Jona;ŞİL;30.08.2025;O Higgins;Audax Ita.;3 - 2;2-0;1.76;Evet;3.03;Hayır;3.04;Hayır;1.54;Hayır;1.71;Evet
2664910;Deportes Limache - O'Higgins;Hector Jona;ŞİL;22.08.2025;CD Palestino;Colo Colo;0 - 0;0-0;2.36;Hayır;2.73;Evet;2.27;Hayır;1.49;Evet;1.79;Hayır
2664910;Deportes Limache - O'Higgins;Hector Jona;ŞİL;02.08.2025;Audax Ita.;CD Palestino;1 - 1;0-0;2.18;Hayır;2.86;Evet;2.36;Hayır;1.59;Evet;1.66;Hayır
2664910;Deportes Limache - O'Higgins;Hector Jona;ŞİL;20.07.2025;Coquimbo Uni;Iquique;4 - 1;1-1;1.31;Evet;3.69;Hayır;5.43;Hayır;1.68;Hayır;1.61;Evet
2664910;Deportes Limache - O'Higgins;Hector Jona;ŞİL;21.06.2025;U. Espanola;Coquimbo Uni;0 - 2;0-1;2.53;Hayır;2.98;Hayır;2.06;Evet;1.58;Evet;1.71;Hayır
2664910;Deportes Limache - O'Higgins;Hector Jona;ŞİL;25.05.2025;Nublense;O Higgins;0 - 1;0-0;1.99;Hayır;2.97;Hayır;2.65;Evet;1.59;Evet;1.71;Hayır
2664910;Deportes Limache - O'Higgins;Hector Jona;ŞİL;03.05.2025;Everton D.V.;CD Palestino;1 - 2;1-2;2.11;Hayır;2.93;Hayır;2.49;Evet;1.64;Hayır;1.65;Evet
2664910;Deportes Limache - O'Higgins;Hector Jona;ŞİL;31.03.2025;Coquimbo Uni;Audax Ita.;2 - 1;1-0;1.83;Evet;2.88;Hayır;3.10;Hayır;1.45;Hayır;1.90;Evet
2664910;Deportes Limache - O'Higgins;Hector Jona;ŞİL;23.02.2025;Nublense;Deportes L.;1 - 1;0-0;1.80;Hayır;3.01;Evet;2.98;Hayır;1.62;Evet;1.65;Hayır
2664910;Deportes Limache - O'Higgins;Hector Jona;ŞİL;26.09.2024;U. Catolica;D. Copiapo;4 - 1;1-1;1.37;Evet;3.74;Hayır;4.39;Hayır;1.85;Hayır;1.46;Evet
2664910;Deportes Limache - O'Higgins;Hector Jona;ŞİL;15.09.2024;U. Chile;CD Palestino;1 - 0;0-0;1.44;Evet;3.26;Hayır;4.52;Hayır;1.63;Evet;1.63;Hayır
2664910;Deportes Limache - O'Higgins;Hector Jona;ŞİL;28.08.2024;Cobresal;U. Catolica;3 - 1;1-1;2.03;Evet;2.97;Hayır;2.53;Hayır;1.72;Hayır;1.56;Evet
2664910;Deportes Limache - O'Higgins;Hector Jona;ŞİL;24.08.2024;Coquimbo Uni;Audax Ita.;1 - 1;0-1;1.67;Hayır;2.90;Evet;3.57;Hayır;1.47;Evet;1.83;Hayır
2664841;Millonarios - Llaneros;Alejandro Moncada Sanchez;KOL;03.02.2026;D. Pereira;Atl. Junior;2 - 3;0-1;3.11;Hayır;2.93;Hayır;1.81;Evet;1.52;Hayır;1.80;Evet
2664841;Millonarios - Llaneros;Alejandro Moncada Sanchez;KOL;29.01.2026;Alianza;Chico;1 - 1;0-0;1.36;Hayır;3.40;Evet;5.35;Hayır;1.53;Evet;1.78;Hayır
2664841;Millonarios - Llaneros;Alejandro Moncada Sanchez;KOL;24.01.2026;Inter Bogota;D. Cucuta;2 - 1;1-1;1.91;Evet;2.67;Hayır;3.15;Hayır;1.36;Hayır;2.09;Evet
2664841;Millonarios - Llaneros;Alejandro Moncada Sanchez;KOL;19.01.2026;Atl. Junior;D. Tolima;0 - 2;0-2;1.93;Hayır;2.79;Hayır;2.96;Evet;1.36;Evet;2.09;Hayır
2664841;Millonarios - Llaneros;Alejandro Moncada Sanchez;KOL;30.11.2025;Fortaleza;Bucaramanga;0 - 2;0-1;2.20;Hayır;2.60;Hayır;2.66;Evet;1.35;Evet;2.09;Hayır
2664841;Millonarios - Llaneros;Alejandro Moncada Sanchez;KOL;09.11.2025;Bucaramanga;La Equidad;2 - 1;2-1;1.07;Evet;4.90;Hayır;11.10;Hayır;1.75;Hayır;1.53;Evet
2664841;Millonarios - Llaneros;Alejandro Moncada Sanchez;KOL;20.09.2025;Bucaramanga;D. Tolima;2 - 0;1-0;2.11;Evet;2.60;Hayır;2.68;Hayır;1.31;Evet;2.14;Hayır
2664841;Millonarios - Llaneros;Alejandro Moncada Sanchez;KOL;13.09.2025;Fortaleza;America Cali;1 - 0;1-0;2.30;Evet;2.59;Hayır;2.44;Hayır;1.33;Evet;2.08;Hayır
2664841;Millonarios - Llaneros;Alejandro Moncada Sanchez;KOL;30.08.2025;Atl. Junior;Llaneros;4 - 0;2-0;1.35;Evet;3.45;Hayır;5.11;Hayır;1.50;Hayır;1.77;Evet
2664841;Millonarios - Llaneros;Alejandro Moncada Sanchez;KOL;16.08.2025;Alianza;Once Caldas;0 - 0;0-0;1.61;Hayır;2.98;Evet;3.64;Hayır;1.41;Evet;1.92;Hayır
2664841;Millonarios - Llaneros;Alejandro Moncada Sanchez;KOL;24.07.2025;La Equidad;Millonarios;1 - 0;0-0;2.93;Evet;2.92;Hayır;1.88;Hayır;1.41;Evet;1.97;Hayır
2664841;Millonarios - Llaneros;Alejandro Moncada Sanchez;KOL;08.06.2025;D. Tolima;America Cali;1 - 1;1-0;1.83;Hayır;2.44;Evet;3.86;Hayır;1.00;Evet;1.00;Hayır
2664841;Millonarios - Llaneros;Alejandro Moncada Sanchez;KOL;04.05.2025;D. Cali;D. Tolima;1 - 1;1-0;2.11;Hayır;2.65;Evet;2.75;Hayır;1.00;Evet;1.00;Hayır
2664841;Millonarios - Llaneros;Alejandro Moncada Sanchez;KOL;11.04.2025;La Equidad;Santa Fe;2 - 1;1-1;2.63;Evet;2.68;Hayır;2.16;Hayır;1.34;Hayır;2.14;Evet
2664841;Millonarios - Llaneros;Alejandro Moncada Sanchez;KOL;02.04.2025;Chico;D. Tolima;1 - 4;0-1;2.96;Hayır;2.61;Hayır;2.02;Evet;1.00;Hayır;1.00;Evet
2664841;Millonarios - Llaneros;Alejandro Moncada Sanchez;KOL;28.03.2025;Once Caldas;Llaneros;1 - 0;1-0;1.45;Evet;3.22;Hayır;4.50;Hayır;1.43;Evet;1.93;Hayır
2664841;Millonarios - Llaneros;Alejandro Moncada Sanchez;KOL;16.03.2025;America Cali;Alianza;3 - 0;0-0;1.39;Evet;3.24;Hayır;5.08;Hayır;1.46;Hayır;1.86;Evet
2664841;Millonarios - Llaneros;Alejandro Moncada Sanchez;KOL;09.03.2025;Santa Fe;Fortaleza;2 - 0;1-0;1.62;Evet;2.82;Hayır;4.02;Hayır;1.33;Evet;2.13;Hayır
2664841;Millonarios - Llaneros;Alejandro Moncada Sanchez;KOL;17.02.2025;U. Magdalena;La Equidad;0 - 0;0-0;2.33;Hayır;2.61;Evet;2.44;Hayır;1.00;Evet;1.00;Hayır
2664841;Millonarios - Llaneros;Alejandro Moncada Sanchez;KOL;08.02.2025;D. Tolima;Alianza;3 - 1;2-1;1.23;Evet;3.76;Hayır;7.15;Hayır;1.44;Hayır;1.88;Evet
2688512;Club Olimpia - Rubio NU;Derlis Lopez;LİB;11.02.2026;D. Tachira;T. Strongest;1 - 0;1-0;1.57;Evet;3.03;Hayır;4.05;Hayır;1.42;Evet;1.95;Hayır
2688512;Club Olimpia - Rubio NU;Derlis Lopez;PAR;08.02.2026;CS 2 de Mayo;C. Porteno;0 - 0;0-0;6.05;Hayır;3.71;Evet;1.28;Hayır;1.55;Evet;1.75;Hayır
2688512;Club Olimpia - Rubio NU;Derlis Lopez;PAR;26.01.2026;Sportivo A.;Rubio Nu;2 - 2;1-0;1.72;Hayır;2.90;Evet;3.48;Hayır;1.40;Hayır;1.98;Evet
2688512;Club Olimpia - Rubio NU;Derlis Lopez;PAR;01.12.2025;CA Tembetary;C. Porteno;0 - 2;0-1;8.43;Hayır;4.34;Hayır;1.15;Evet;1.59;Evet;1.71;Hayır
2688512;Club Olimpia - Rubio NU;Derlis Lopez;U17DK;14.11.2025;İsviçre;Mısır;;2-0;1.00;Evet;1.00;Hayır;1.00;Hayır;1.00;Hayır;1.00;Evet
2688512;Club Olimpia - Rubio NU;Derlis Lopez;U17DK;10.11.2025;Kore Cum.;Fildişi S.;;1-1;1.68;Evet;3.24;Hayır;3.24;Hayır;1.69;Hayır;1.61;Evet
2688512;Club Olimpia - Rubio NU;Derlis Lopez;U17DK;05.11.2025;Avusturya;Saudi Arabia;;0-0;1.00;Evet;1.00;Hayır;1.00;Hayır;1.00;Evet;1.00;Hayır
2688512;Club Olimpia - Rubio NU;Derlis Lopez;PAR;27.10.2025;CD Recoleta;Libertad;2 - 2;1-1;3.59;Hayır;3.25;Evet;1.56;Hayır;1.68;Hayır;1.58;Evet
2688512;Club Olimpia - Rubio NU;Derlis Lopez;PAR;05.10.2025;Guarani;CA Tembetary;1 - 0;0-0;1.34;Evet;3.43;Hayır;5.06;Hayır;1.62;Evet;1.62;Hayır
2688512;Club Olimpia - Rubio NU;Derlis Lopez;PAR;29.09.2025;Sportivo A.;CD Recoleta;1 - 4;0-2;1.91;Hayır;2.82;Hayır;2.82;Evet;1.43;Hayır;1.87;Evet
2688512;Club Olimpia - Rubio NU;Derlis Lopez;PAR;20.09.2025;Olimpia;Sportivo T.;1 - 1;1-1;1.65;Hayır;3.11;Evet;3.28;Hayır;1.63;Evet;1.63;Hayır
2688512;Club Olimpia - Rubio NU;Derlis Lopez;PAR;13.09.2025;CS 2 de Mayo;Guarani;1 - 0;0-0;2.77;Evet;2.73;Hayır;1.99;Hayır;1.44;Evet;1.87;Hayır
2688512;Club Olimpia - Rubio NU;Derlis Lopez;LİB;13.08.2025;Fortaleza;Velez;0 - 0;0-0;1.82;Hayır;2.82;Evet;3.43;Hayır;1.33;Evet;2.24;Hayır
2688512;Club Olimpia - Rubio NU;Derlis Lopez;PAR;09.08.2025;C. Porteno;C. Nacional;0 - 0;0-0;1.50;Hayır;3.07;Evet;4.27;Hayır;1.37;Evet;1.98;Hayır
2688512;Club Olimpia - Rubio NU;Derlis Lopez;PAR;31.07.2025;Olimpia;CD Recoleta;1 - 0;0-0;1.29;Evet;3.82;Hayır;5.45;Hayır;1.72;Evet;1.58;Hayır
2688512;Club Olimpia - Rubio NU;Derlis Lopez;PAR;26.07.2025;Sportivo T.;Libertad;0 - 2;0-1;2.93;Hayır;2.90;Hayır;1.88;Evet;1.46;Evet;1.88;Hayır
2688512;Club Olimpia - Rubio NU;Derlis Lopez;SUD;24.07.2025;CD Palestino;Bolivar;0 - 3;0-2;1.63;Hayır;3.48;Hayır;3.55;Evet;2.09;Hayır;1.43;Evet
2688512;Club Olimpia - Rubio NU;Derlis Lopez;PAR;19.07.2025;Club General;CS 2 de Mayo;0 - 1;0-1;2.51;Hayır;2.56;Hayır;2.35;Evet;1.00;Evet;1.00;Hayır
2688512;Club Olimpia - Rubio NU;Derlis Lopez;PAR;12.07.2025;Sportivo A.;C. Porteno;0 - 1;0-0;3.29;Hayır;2.77;Hayır;1.81;Evet;1.38;Evet;2.04;Hayır
2688512;Club Olimpia - Rubio NU;Derlis Lopez;PAR;18.05.2025;Libertad;Sportivo T.;1 - 1;0-0;1.42;Hayır;3.27;Evet;4.85;Hayır;1.51;Evet;1.80;Hayır
2653798;Talleres - Gimnasia Y.;Dario Herrera;ARJSL;09.02.2026;Barracas C.;Gimnasia;2 - 0;1-0;2.31;Evet;2.56;Hayır;2.81;Hayır;1.22;Evet;2.77;Hayır
2653798;Talleres - Gimnasia Y.;Dario Herrera;ARJSL;02.02.2026;Boca Juniors;N. Old Boys;2 - 0;1-0;1.30;Evet;3.81;Hayır;6.76;Hayır;1.54;Evet;1.87;Hayır
2653798;Talleres - Gimnasia Y.;Dario Herrera;ARJSL;08.12.2025;Boca Juniors;Racing Club;0 - 1;0-0;1.68;Hayır;2.97;Hayır;4.06;Evet;1.44;Evet;2.05;Hayır
2653798;Talleres - Gimnasia Y.;Dario Herrera;LİB;30.11.2025;Palmeiras;Flamengo;0 - 1;0-0;2.69;Hayır;2.70;Hayır;2.29;Evet;1.36;Evet;2.24;Hayır
2653798;Talleres - Gimnasia Y.;Dario Herrera;ARJSL;17.11.2025;Boca Juniors;Tigre;2 - 0;0-0;1.54;Evet;3.00;Hayır;5.08;Hayır;1.33;Evet;2.32;Hayır
2653798;Talleres - Gimnasia Y.;Dario Herrera;ARJSL;09.11.2025;CA Union S.F;Barracas C.;0 - 0;0-0;1.51;Hayır;3.15;Evet;4.77;Hayır;1.38;Evet;2.16;Hayır
2653798;Talleres - Gimnasia Y.;Dario Herrera;SA;24.10.2025;AL Ittihad;Al Hilal;0 - 2;0-1;3.20;Hayır;3.70;Hayır;1.55;Evet;2.56;Evet;1.20;Hayır
2653798;Talleres - Gimnasia Y.;Dario Herrera;U20;10.10.2025;Fas;Güney Kore;;1-0;2.02;Evet;2.92;Hayır;2.57;Hayır;1.52;Hayır;1.76;Evet
2653798;Talleres - Gimnasia Y.;Dario Herrera;U20;05.10.2025;Güney Afrika;ABD;;2-1;5.34;Evet;3.68;Hayır;1.30;Hayır;1.77;Hayır;1.52;Evet
2653798;Talleres - Gimnasia Y.;Dario Herrera;U20;01.10.2025;İspanya;Meksika;;1-1;1.60;Hayır;3.27;Evet;3.27;Hayır;1.81;Hayır;1.47;Evet
2653798;Talleres - Gimnasia Y.;Dario Herrera;U20;27.09.2025;Japonya;Mısır;;1-0;1.47;Evet;3.49;Hayır;3.80;Hayır;1.69;Evet;1.55;Hayır
2653798;Talleres - Gimnasia Y.;Dario Herrera;ARJSL;13.09.2025;Godoy Cruz;Barracas C.;0 - 0;0-0;1.84;Hayır;2.64;Evet;3.63;Hayır;1.24;Evet;2.61;Hayır
2653798;Talleres - Gimnasia Y.;Dario Herrera;DÜN;05.09.2025;Kolombiya;Bolivya;3 - 0;1-0;1.00;Evet;7.17;Hayır;16.10;Hayır;2.34;Hayır;1.31;Evet
2653798;Talleres - Gimnasia Y.;Dario Herrera;ARJSL;01.09.2025;River Plate;San Martin;2 - 0;2-0;1.21;Evet;4.07;Hayır;8.00;Hayır;1.57;Evet;1.80;Hayır
2653798;Talleres - Gimnasia Y.;Dario Herrera;ARJSL;23.08.2025;Rosario C.;N. Old Boys;1 - 0;0-0;1.67;Evet;2.67;Hayır;4.51;Hayır;1.22;Evet;2.65;Hayır
2653798;Talleres - Gimnasia Y.;Dario Herrera;ARJSL;16.08.2025;Racing Club;Tigre;1 - 2;1-0;1.69;Hayır;3.02;Hayır;3.70;Evet;1.44;Hayır;2.01;Evet
2653798;Talleres - Gimnasia Y.;Dario Herrera;LİB;14.08.2025;Flamengo;Internacion.;1 - 0;1-0;1.32;Evet;3.54;Hayır;6.38;Hayır;1.44;Evet;1.99;Hayır
2653798;Talleres - Gimnasia Y.;Dario Herrera;ARJSL;10.08.2025;Barracas C.;CA Aldosivi;3 - 1;1-0;1.89;Evet;2.68;Hayır;3.40;Hayır;1.28;Hayır;2.44;Evet
2653798;Talleres - Gimnasia Y.;Dario Herrera;ARJSL;27.07.2025;CA Platense;A. Juniors;0 - 0;0-0;2.82;Hayır;2.56;Evet;2.30;Hayır;1.18;Evet;2.97;Hayır
2653798;Talleres - Gimnasia Y.;Dario Herrera;SUD;24.07.2025;Gremio;Alianza Lima;1 - 1;0-0;1.39;Hayır;3.81;Evet;4.97;Hayır;1.87;Evet;1.55;Hayır
2654356;CA Huracan - CA Sarmiento;Sebastian Nicolas Martinez;ARJSL;08.02.2026;Belgrano;Banfield;1 - 0;0-0;1.88;Evet;2.74;Hayır;3.52;Hayır;1.31;Evet;2.40;Hayır
2654356;CA Huracan - CA Sarmiento;Sebastian Nicolas Martinez;ARJSL;30.01.2026;CA Sarmiento;Banfield;1 - 0;1-0;2.58;Evet;2.52;Hayır;2.52;Hayır;1.26;Evet;2.61;Hayır
2654356;CA Huracan - CA Sarmiento;Sebastian Nicolas Martinez;ARJSL;25.11.2025;CA Union S.F;Gimnasia;1 - 2;0-2;1.54;Hayır;3.06;Hayır;4.92;Evet;1.33;Hayır;2.30;Evet
2654356;CA Huracan - CA Sarmiento;Sebastian Nicolas Martinez;ARJSL;17.11.2025;N. Old Boys;Racing Club;0 - 1;0-0;3.77;Hayır;2.98;Hayır;1.73;Evet;1.46;Evet;2.03;Hayır
2654356;CA Huracan - CA Sarmiento;Sebastian Nicolas Martinez;ARJSL;11.11.2025;A. Juniors;Belgrano;1 - 0;1-0;1.47;Evet;3.20;Hayır;4.93;Hayır;1.42;Evet;2.05;Hayır
2654356;CA Huracan - CA Sarmiento;Sebastian Nicolas Martinez;ARJSL;02.11.2025;Independient;Atl. Tucuman;3 - 0;2-0;1.68;Evet;3.01;Hayır;3.75;Hayır;1.35;Hayır;2.21;Evet
2654356;CA Huracan - CA Sarmiento;Sebastian Nicolas Martinez;ARJSL;11.10.2025;Gimnasia;Talleres;1 - 2;1-1;3.23;Hayır;2.70;Hayır;1.95;Evet;1.39;Hayır;2.11;Evet
2654356;CA Huracan - CA Sarmiento;Sebastian Nicolas Martinez;ARJSL;04.10.2025;San Martin;I. Cordoba;0 - 0;0-0;2.23;Hayır;2.47;Evet;2.90;Hayır;1.19;Evet;2.78;Hayır
2654356;CA Huracan - CA Sarmiento;Sebastian Nicolas Martinez;ARJSL;23.09.2025;Estudiantes;D. Justicia;1 - 0;0-0;1.83;Evet;2.85;Hayır;3.35;Hayır;1.38;Evet;2.11;Hayır
2654356;CA Huracan - CA Sarmiento;Sebastian Nicolas Martinez;ARJSL;14.09.2025;Gimnasia;CA Union S.F;1 - 3;0-0;2.57;Hayır;2.56;Hayır;2.41;Evet;1.23;Hayır;2.62;Evet
2654356;CA Huracan - CA Sarmiento;Sebastian Nicolas Martinez;ARJSL;31.08.2025;Velez;Lanus;3 - 0;1-0;2.13;Evet;2.49;Hayır;3.08;Hayır;1.17;Hayır;2.89;Evet
2654356;CA Huracan - CA Sarmiento;Sebastian Nicolas Martinez;ARJSL;16.08.2025;CA Platense;San Lorenzo;2 - 1;2-1;2.31;Evet;2.30;Hayır;3.06;Hayır;1.09;Hayır;3.59;Evet
2654356;CA Huracan - CA Sarmiento;Sebastian Nicolas Martinez;ARJSL;09.08.2025;San Martin;CA Sarmiento;0 - 1;0-0;1.97;Hayır;2.57;Hayır;3.34;Evet;1.18;Evet;2.84;Hayır
2654356;CA Huracan - CA Sarmiento;Sebastian Nicolas Martinez;ARJSL;27.07.2025;Racing Club;Estudiantes;0 - 1;0-0;1.80;Hayır;2.97;Hayır;3.47;Evet;1.48;Evet;1.97;Hayır
2654356;CA Huracan - CA Sarmiento;Sebastian Nicolas Martinez;ARJSL;15.07.2025;Velez;Tigre;2 - 1;2-0;1.88;Evet;2.55;Hayır;3.41;Hayır;1.21;Hayır;2.53;Evet
2654356;CA Huracan - CA Sarmiento;Sebastian Nicolas Martinez;ARJSL;03.05.2025;CA Sarmiento;San Lorenzo;1 - 1;1-0;2.95;Hayır;2.34;Evet;2.23;Hayır;1.19;Evet;2.68;Hayır
2654356;CA Huracan - CA Sarmiento;Sebastian Nicolas Martinez;ARJSL;27.04.2025;Belgrano;A. Juniors;1 - 1;1-0;2.49;Hayır;2.78;Evet;2.20;Hayır;1.36;Evet;2.09;Hayır
2654356;CA Huracan - CA Sarmiento;Sebastian Nicolas Martinez;ARJSL;20.04.2025;Huracan;D. Justicia;1 - 1;0-1;1.68;Hayır;2.88;Evet;3.64;Hayır;1.37;Evet;2.05;Hayır
2654356;CA Huracan - CA Sarmiento;Sebastian Nicolas Martinez;ARJSL;15.04.2025;Velez;CA Sarmiento;0 - 1;0-0;1.52;Hayır;2.95;Hayır;4.58;Evet;1.31;Evet;2.21;Hayır
2654356;CA Huracan - CA Sarmiento;Sebastian Nicolas Martinez;ARJSL;09.03.2025;Racing Club;Huracan;0 - 1;0-1;1.72;Hayır;2.83;Hayır;3.47;Evet;1.37;Evet;2.03;Hayır
2648243;Atl San Luis - Queretaro;Adonai Escobedo Gonzalez;LIG;01.02.2026;Club Leon;Tigres;1 - 2;0-0;2.84;Hayır;3.01;Hayır;1.88;Evet;1.71;Hayır;1.59;Evet
2648243;Atl San Luis - Queretaro;Adonai Escobedo Gonzalez;LIG;14.01.2026;Juarez;Guadalajara;0 - 1;0-0;2.99;Hayır;2.90;Hayır;1.87;Evet;1.55;Evet;1.75;Hayır
2648243;Atl San Luis - Queretaro;Adonai Escobedo Gonzalez;MEK;03.11.2025;Pachuca;Guadalajara;0 - 1;0-0;2.09;Hayır;3.01;Hayır;2.40;Evet;1.70;Evet;1.56;Hayır
2648243;Atl San Luis - Queretaro;Adonai Escobedo Gonzalez;MEK;26.10.2025;Club Leon;Pumas;1 - 1;0-0;2.37;Hayır;3.11;Evet;2.07;Hayır;1.80;Evet;1.49;Hayır
2648243;Atl San Luis - Queretaro;Adonai Escobedo Gonzalez;MEK;18.10.2025;Tigres;Necaxa;5 - 3;3-2;1.35;Evet;3.77;Hayır;4.55;Hayır;2.01;Hayır;1.37;Evet
2648243;Atl San Luis - Queretaro;Adonai Escobedo Gonzalez;MEK;06.10.2025;Club Tijuana;Monterrey;2 - 2;1-1;2.40;Hayır;3.24;Evet;1.97;Hayır;2.03;Hayır;1.35;Evet
2648243;Atl San Luis - Queretaro;Adonai Escobedo Gonzalez;MEK;13.09.2025;Monarcas;Pumas;1 - 4;1-2;2.92;Hayır;2.84;Hayır;1.86;Evet;1.47;Hayır;1.82;Evet
2648243;Atl San Luis - Queretaro;Adonai Escobedo Gonzalez;LIG;28.08.2025;LA Galaxy;Seattle;0 - 2;0-1;2.65;Hayır;2.90;Hayır;1.97;Evet;1.63;Evet;1.62;Hayır
2648243;Atl San Luis - Queretaro;Adonai Escobedo Gonzalez;MEK;10.08.2025;Club America;Queretaro;1 - 0;1-0;1.09;Evet;4.81;Hayır;9.66;Hayır;1.79;Evet;1.49;Hayır
2648243;Atl San Luis - Queretaro;Adonai Escobedo Gonzalez;LIG;06.08.2025;Montreal;Puebla;1 - 2;0-0;1.74;Hayır;3.24;Hayır;2.88;Evet;2.17;Hayır;1.31;Evet
2648243;Atl San Luis - Queretaro;Adonai Escobedo Gonzalez;LIG;31.07.2025;Pumas;Orlando City;1 - 1;0-1;3.09;Hayır;3.26;Evet;1.71;Hayır;2.04;Evet;1.38;Hayır
2648243;Atl San Luis - Queretaro;Adonai Escobedo Gonzalez;MEK;20.07.2025;Club Leon;Guadalajara;1 - 0;0-0;2.30;Evet;2.90;Hayır;2.30;Hayır;1.63;Evet;1.65;Hayır
2648243;Atl San Luis - Queretaro;Adonai Escobedo Gonzalez;CON;21.06.2025;Guatemala;Panama;;0-1;3.98;Hayır;3.11;Hayır;1.65;Evet;1.52;Evet;1.90;Hayır
2648243;Atl San Luis - Queretaro;Adonai Escobedo Gonzalez;CON;16.06.2025;ABD;Trinidad T.;5 - 0;3-0;1.00;Evet;7.93;Hayır;17.60;Hayır;2.52;Hayır;1.28;Evet
2648243;Atl San Luis - Queretaro;Adonai Escobedo Gonzalez;LIG;15.05.2025;Tigres;Toluca;1 - 1;1-1;1.94;Hayır;2.88;Evet;2.82;Hayır;1.87;Evet;1.46;Hayır
2648243;Atl San Luis - Queretaro;Adonai Escobedo Gonzalez;LIG;05.05.2025;Monterrey;Pumas;2 - 0;0-0;1.65;Evet;3.01;Hayır;3.59;Hayır;1.47;Evet;1.87;Hayır
2648243;Atl San Luis - Queretaro;Adonai Escobedo Gonzalez;LIG;21.04.2025;Club Leon;Monterrey;0 - 2;0-1;2.53;Hayır;2.97;Hayır;2.07;Evet;1.87;Evet;1.46;Hayır
2648243;Atl San Luis - Queretaro;Adonai Escobedo Gonzalez;LIG;17.04.2025;Pumas;S. Laguna;2 - 0;1-0;1.31;Evet;3.85;Hayır;5.17;Hayır;1.87;Evet;1.47;Hayır
2648243;Atl San Luis - Queretaro;Adonai Escobedo Gonzalez;LIG;06.04.2025;Atlas;Juarez;1 - 1;0-0;1.73;Hayır;3.10;Evet;3.17;Hayır;1.65;Evet;1.65;Hayır
2648243;Atl San Luis - Queretaro;Adonai Escobedo Gonzalez;LIG;31.03.2025;Club Leon;Pumas;1 - 2;1-1;1.83;Hayır;2.99;Hayır;2.98;Evet;1.59;Hayır;1.70;Evet
2653867;Pachuca - Atlas;Victor Alfonso Caceres Hernandez;LIG;18.01.2026;Club Tijuana;R.S. Luis;1 - 1;1-0;1.66;Hayır;3.27;Evet;3.28;Hayır;1.84;Evet;1.48;Hayır
2653867;Pachuca - Atlas;Victor Alfonso Caceres Hernandez;LIG;11.01.2026;Club Leon;Cruz Azul;2 - 1;1-0;3.69;Evet;3.32;Hayır;1.55;Hayır;1.81;Hayır;1.51;Evet
2653867;Pachuca - Atlas;Victor Alfonso Caceres Hernandez;MEK;07.12.2025;Tigres;Cruz Azul;1 - 1;1-0;1.87;Hayır;2.91;Evet;2.98;Hayır;1.68;Evet;1.61;Hayır
2653867;Pachuca - Atlas;Victor Alfonso Caceres Hernandez;MEK;02.11.2025;Club America;Club Leon;2 - 0;0-0;1.14;Evet;4.79;Hayır;6.93;Hayır;2.32;Evet;1.26;Hayır
2653867;Pachuca - Atlas;Victor Alfonso Caceres Hernandez;MEK;19.10.2025;Monterrey;Pumas;1 - 1;1-1;1.52;Hayır;3.23;Evet;3.85;Hayır;1.68;Evet;1.58;Hayır
2653867;Pachuca - Atlas;Victor Alfonso Caceres Hernandez;MEK;28.09.2025;Atlas;Necaxa;3 - 2;2-1;2.35;Evet;3.09;Hayır;2.06;Hayır;1.87;Hayır;1.43;Evet
2653867;Pachuca - Atlas;Victor Alfonso Caceres Hernandez;MEK;21.09.2025;Monterrey;Club America;2 - 2;2-0;2.09;Hayır;2.98;Evet;2.41;Hayır;1.74;Hayır;1.52;Evet
2653867;Pachuca - Atlas;Victor Alfonso Caceres Hernandez;MEK;31.08.2025;Guadalajara;Cruz Azul;1 - 2;1-2;2.53;Hayır;2.99;Hayır;2.00;Evet;1.72;Hayır;1.54;Evet
2653867;Pachuca - Atlas;Victor Alfonso Caceres Hernandez;MEK;17.08.2025;Toluca;Pumas;1 - 1;0-1;1.48;Hayır;3.26;Evet;4.05;Hayır;1.67;Evet;1.58;Hayır
2653867;Pachuca - Atlas;Victor Alfonso Caceres Hernandez;LIG;08.08.2025;New York RB;Juarez;1 - 1;0-0;1.84;Hayır;3.16;Evet;2.71;Hayır;2.13;Evet;1.31;Hayır
2653867;Pachuca - Atlas;Victor Alfonso Caceres Hernandez;MEK;14.07.2025;Club Leon;R.S. Luis;0 - 1;0-0;1.40;Hayır;3.67;Hayır;4.42;Evet;1.98;Evet;1.41;Hayır
2653867;Pachuca - Atlas;Victor Alfonso Caceres Hernandez;LIG;19.05.2025;Club America;Cruz Azul;2 - 1;0-0;1.61;Evet;2.97;Hayır;3.89;Hayır;1.52;Hayır;1.79;Evet
2653867;Pachuca - Atlas;Victor Alfonso Caceres Hernandez;LIG;12.05.2025;Cruz Azul;Club Leon;2 - 1;1-1;1.54;Evet;2.97;Hayır;4.36;Hayır;1.74;Hayır;1.56;Evet
2653867;Pachuca - Atlas;Victor Alfonso Caceres Hernandez;LIG;28.04.2025;Juarez;Pumas;1 - 1;1-1;2.16;Hayır;2.94;Evet;2.42;Hayır;1.61;Evet;1.68;Hayır
2653867;Pachuca - Atlas;Victor Alfonso Caceres Hernandez;LIG;20.04.2025;Atlas;Guadalajara;1 - 1;1-1;2.54;Hayır;2.75;Evet;2.18;Hayır;1.57;Evet;1.73;Hayır
2653867;Pachuca - Atlas;Victor Alfonso Caceres Hernandez;LIG;17.04.2025;Monarcas;Club Tijuana;0 - 2;0-0;1.86;Hayır;3.12;Hayır;2.79;Evet;1.78;Evet;1.53;Hayır
2653867;Pachuca - Atlas;Victor Alfonso Caceres Hernandez;LIG;14.04.2025;S. Laguna;Queretaro;1 - 2;1-0;1.95;Hayır;3.05;Hayır;2.67;Evet;1.74;Hayır;1.56;Evet
2653867;Pachuca - Atlas;Victor Alfonso Caceres Hernandez;LIG;30.03.2025;Club America;Tigres;3 - 0;2-0;1.59;Evet;3.10;Hayır;3.78;Hayır;1.60;Hayır;1.69;Evet
2653867;Pachuca - Atlas;Victor Alfonso Caceres Hernandez;LIG;16.03.2025;Cruz Azul;R.S. Luis;3 - 0;2-0;1.14;Evet;4.74;Hayır;7.63;Hayır;2.00;Hayır;1.38;Evet
2653867;Pachuca - Atlas;Victor Alfonso Caceres Hernandez;LIG;08.03.2025;Puebla;Pumas;1 - 3;1-0;2.56;Hayır;2.79;Hayır;2.12;Evet;1.45;Hayır;1.86;Evet
