Maç_Kodu;Güncel_Maç;Takım;Takım_Tipi;Lig;Tarih;Ev_Sahibi;Deplasman;MS;İY;Sonuç
2648224;Groningen - Utrecht;Groningen;Ev Sahibi;HOL;8 Şub;Groningen;PSV;1 - 2;1-0;Mağlubiyet
2648224;Groningen - Utrecht;Groningen;Ev Sahibi;HOL;31 Oca;S. Rotterdam;Groningen;2 - 0;0-0;Mağlubiyet
2648224;Groningen - Utrecht;Groningen;Ev Sahibi;HOL;25 Oca;Groningen;F. Sittard;1 - 2;1-2;Mağlubiyet
2648224;Groningen - Utrecht;Groningen;Ev Sahibi;HOL;18 Oca;Heerenveen;Groningen;0 - 2;0-0;Galibiyet
2648224;Groningen - Utrecht;Groningen;Ev Sahibi;HOL;10 Oca;Groningen;NAC Breda;0 - 0;0-0;Beraberlik
2648224;Groningen - Utrecht;Groningen;Ev Sahibi;HAZ;6 Oca;Groningen;Bodo Glimt;;0-2;
2648224;Groningen - Utrecht;Utrecht;Deplasman;HOL;11 Şub;NEC Nijmegen;Utrecht;1 - 3;0-2;Galibiyet
2648224;Groningen - Utrecht;Utrecht;Deplasman;HOL;8 Şub;Utrecht;Feyenoord;0 - 1;0-1;Mağlubiyet
2648224;Groningen - Utrecht;Utrecht;Deplasman;HOL;1 Şub;Heerenveen;Utrecht;1 - 1;1-0;Beraberlik
2648224;Groningen - Utrecht;Utrecht;Deplasman;AVL;29 Oca;Celtic;Utrecht;4 - 2;3-1;Mağlubiyet
2648224;Groningen - Utrecht;Utrecht;Deplasman;HOL;25 Oca;Utrecht;S. Rotterdam;0 - 1;0-1;Mağlubiyet
2648224;Groningen - Utrecht;Utrecht;Deplasman;AVL;22 Oca;Utrecht;KRC Genk;0 - 2;0-0;Mağlubiyet
2664830;Liverpool - Brighton;Liverpool;Ev Sahibi;İNP;11 Şub;Sunderland;Liverpool;0 - 1;0-0;Galibiyet
2664830;Liverpool - Brighton;Liverpool;Ev Sahibi;İNP;8 Şub;Liverpool;Man. City;1 - 2;0-0;Mağlubiyet
2664830;Liverpool - Brighton;Liverpool;Ev Sahibi;İNP;31 Oca;Liverpool;Newcastle U.;4 - 1;2-1;Galibiyet
2664830;Liverpool - Brighton;Liverpool;Ev Sahibi;ŞL;28 Oca;Liverpool;Karabağ;6 - 0;2-0;Galibiyet
2664830;Liverpool - Brighton;Liverpool;Ev Sahibi;İNP;24 Oca;Bournemouth;Liverpool;3 - 2;2-1;Mağlubiyet
2664830;Liverpool - Brighton;Liverpool;Ev Sahibi;ŞL;21 Oca;Marsilya;Liverpool;0 - 3;0-1;Galibiyet
2664830;Liverpool - Brighton;Brighton;Deplasman;İNP;11 Şub;Aston Villa;Brighton;1 - 0;0-0;Mağlubiyet
2664830;Liverpool - Brighton;Brighton;Deplasman;İNP;8 Şub;Brighton;Crystal P.;0 - 1;0-0;Mağlubiyet
2664830;Liverpool - Brighton;Brighton;Deplasman;İNP;31 Oca;Brighton;Everton;1 - 1;0-0;Beraberlik
2664830;Liverpool - Brighton;Brighton;Deplasman;İNP;24 Oca;Fulham;Brighton;2 - 1;0-1;Mağlubiyet
2664830;Liverpool - Brighton;Brighton;Deplasman;İNP;19 Oca;Brighton;Bournemouth;1 - 1;0-1;Beraberlik
2664830;Liverpool - Brighton;Brighton;Deplasman;İNFK;11 Oca;Man. Utd;Brighton;1 - 2;0-1;Galibiyet
2631201;Acassuso - Chaco For Ever;Acassuso;Ev Sahibi;ARJPB;21 Ara;Deportivo Ar;Acassuso;1 - 1;0-1;Beraberlik
2631201;Acassuso - Chaco For Ever;Acassuso;Ev Sahibi;ARJPB;14 Ara;Acassuso;Deportivo Ar;1 - 0;1-0;Galibiyet
2631201;Acassuso - Chaco For Ever;Acassuso;Ev Sahibi;ARJPB;11 Ara;Real Pilar;Acassuso;1 - 1;0-0;Beraberlik
2631201;Acassuso - Chaco For Ever;Acassuso;Ev Sahibi;ARJPB;6 Ara;Acassuso;Real Pilar;0 - 0;0-0;Beraberlik
2631201;Acassuso - Chaco For Ever;Acassuso;Ev Sahibi;ARJPB;2 Ara;Acassuso;Villa San C.;1 - 0;0-0;Galibiyet
2631201;Acassuso - Chaco For Ever;Acassuso;Ev Sahibi;ARJPB;22 Kas;Villa San C.;Acassuso;0 - 0;0-0;Beraberlik
2631201;Acassuso - Chaco For Ever;CA Chaco For;Deplasman;ARJUL;11 Eki;CA Atlanta;CA Chaco For;3 - 0;1-0;Mağlubiyet
2631201;Acassuso - Chaco For Ever;CA Chaco For;Deplasman;ARJUL;5 Eki;CA Chaco For;D. Moron;1 - 1;0-0;Beraberlik
2631201;Acassuso - Chaco For Ever;CA Chaco For;Deplasman;ARJUL;27 Eyl;Talleres de;CA Chaco For;1 - 0;1-0;Mağlubiyet
2631201;Acassuso - Chaco For Ever;CA Chaco For;Deplasman;ARJUL;20 Eyl;CA Chaco For;Estudiantes;2 - 0;1-0;Galibiyet
2631201;Acassuso - Chaco For Ever;CA Chaco For;Deplasman;ARJUL;13 Eyl;CA Defensore;CA Chaco For;0 - 0;0-0;Beraberlik
2631201;Acassuso - Chaco For Ever;CA Chaco For;Deplasman;ARJUL;8 Eyl;CA Chaco For;Chacarita;0 - 0;0-0;Beraberlik
2693677;Dep. Moron - Defensores B.;D. Moron;Ev Sahibi;ARJUL;16 Kas;D. Madryn;D. Moron;1 - 0;1-0;Mağlubiyet
2693677;Dep. Moron - Defensores B.;D. Moron;Ev Sahibi;ARJUL;9 Kas;D. Moron;D. Madryn;1 - 0;0-0;Galibiyet
2693677;Dep. Moron - Defensores B.;D. Moron;Ev Sahibi;ARJUL;1 Kas;CA Atlanta;D. Moron;0 - 0;0-0;Beraberlik
2693677;Dep. Moron - Defensores B.;D. Moron;Ev Sahibi;ARJUL;19 Eki;D. Moron;CA Atlanta;1 - 0;0-0;Galibiyet
2693677;Dep. Moron - Defensores B.;D. Moron;Ev Sahibi;ARJUL;13 Eki;D. Moron;S.M. Tucuman;0 - 0;0-0;Beraberlik
2693677;Dep. Moron - Defensores B.;D. Moron;Ev Sahibi;ARJUL;5 Eki;CA Chaco For;D. Moron;1 - 1;0-0;Beraberlik
2693677;Dep. Moron - Defensores B.;CA Defensore;Deplasman;ARJUL;5 Eki;Gimnasia Y;CA Defensore;1 - 0;0-0;Mağlubiyet
2693677;Dep. Moron - Defensores B.;CA Defensore;Deplasman;ARJUL;27 Eyl;CA Defensore;Central Nort;2 - 0;1-0;Galibiyet
2693677;Dep. Moron - Defensores B.;CA Defensore;Deplasman;ARJUL;21 Eyl;C. Almirante;CA Defensore;1 - 2;0-0;Galibiyet
2693677;Dep. Moron - Defensores B.;CA Defensore;Deplasman;ARJUL;13 Eyl;CA Defensore;CA Chaco For;0 - 0;0-0;Beraberlik
2693677;Dep. Moron - Defensores B.;CA Defensore;Deplasman;ARJUL;7 Eyl;Mitre S.;CA Defensore;1 - 2;1-1;Galibiyet
2693677;Dep. Moron - Defensores B.;CA Defensore;Deplasman;ARJUL;2 Eyl;CA Defensore;Colon;1 - 0;0-0;Galibiyet
2713940;San Telmo - Ferro Carril Oeste;CA San Telmo;Ev Sahibi;ARJUL;5 Eki;Agropecuario;CA San Telmo;2 - 0;0-0;Mağlubiyet
2713940;San Telmo - Ferro Carril Oeste;CA San Telmo;Ev Sahibi;ARJUL;27 Eyl;CA San Telmo;Gimnasia Juj;3 - 2;2-0;Galibiyet
2713940;San Telmo - Ferro Carril Oeste;CA San Telmo;Ev Sahibi;ARJUL;20 Eyl;Gimnasia Y;CA San Telmo;2 - 0;1-0;Mağlubiyet
2713940;San Telmo - Ferro Carril Oeste;CA San Telmo;Ev Sahibi;ARJUL;14 Eyl;CA San Telmo;Central Nort;3 - 1;1-0;Galibiyet
2713940;San Telmo - Ferro Carril Oeste;CA San Telmo;Ev Sahibi;ARJUL;9 Eyl;C. Almirante;CA San Telmo;1 - 0;0-0;Mağlubiyet
2713940;San Telmo - Ferro Carril Oeste;CA San Telmo;Ev Sahibi;ARJUL;30 Ağu;CA San Telmo;CA Chaco For;0 - 2;0-2;Mağlubiyet
2713940;San Telmo - Ferro Carril Oeste;Ferro Carril;Deplasman;ARJUL;4 Eki;Ferro Carril;Patronato;3 - 1;1-0;Galibiyet
2713940;San Telmo - Ferro Carril Oeste;Ferro Carril;Deplasman;ARJUL;28 Eyl;Los Andes;Ferro Carril;0 - 1;0-1;Galibiyet
2713940;San Telmo - Ferro Carril Oeste;Ferro Carril;Deplasman;ARJUL;20 Eyl;Almagro;Ferro Carril;0 - 1;0-1;Galibiyet
2713940;San Telmo - Ferro Carril Oeste;Ferro Carril;Deplasman;ARJUL;14 Eyl;Ferro Carril;San Miguel;0 - 1;0-1;Mağlubiyet
2713940;San Telmo - Ferro Carril Oeste;Ferro Carril;Deplasman;ARJUL;9 Eyl;Quilmes;Ferro Carril;0 - 0;0-0;Beraberlik
2713940;San Telmo - Ferro Carril Oeste;Ferro Carril;Deplasman;ARJUL;2 Eyl;Ferro Carril;R.  Cordoba;2 - 2;2-2;Beraberlik
2713973;All Boys - Mitre Santia;All Boys;Ev Sahibi;ARJUL;7 Eki;All Boys;Los Andes;3 - 0;1-0;Galibiyet
2713973;All Boys - Mitre Santia;All Boys;Ev Sahibi;ARJUL;28 Eyl;CA Alvarado;All Boys;0 - 0;0-0;Beraberlik
2713973;All Boys - Mitre Santia;All Boys;Ev Sahibi;ARJUL;23 Eyl;All Boys;D. Madryn;0 - 0;0-0;Beraberlik
2713973;All Boys - Mitre Santia;All Boys;Ev Sahibi;ARJUL;14 Eyl;CD Maipu;All Boys;0 - 0;0-0;Beraberlik
2713973;All Boys - Mitre Santia;All Boys;Ev Sahibi;ARJUL;6 Eyl;All Boys;Gimnasia Y;1 - 1;0-1;Beraberlik
2713973;All Boys - Mitre Santia;All Boys;Ev Sahibi;ARJUL;30 Ağu;Tristan S.;All Boys;2 - 0;1-0;Mağlubiyet
2713973;All Boys - Mitre Santia;Mitre S.;Deplasman;ARJUL;5 Eki;Mitre S.;Estudiantes;1 - 1;1-0;Beraberlik
2713973;All Boys - Mitre Santia;Mitre S.;Deplasman;ARJUL;28 Eyl;D. Moron;Mitre S.;3 - 0;2-0;Mağlubiyet
2713973;All Boys - Mitre Santia;Mitre S.;Deplasman;ARJUL;21 Eyl;Mitre S.;Talleres de;2 - 0;0-0;Galibiyet
2713973;All Boys - Mitre Santia;Mitre S.;Deplasman;ARJUL;15 Eyl;Estudiantes;Mitre S.;1 - 0;1-0;Mağlubiyet
2713973;All Boys - Mitre Santia;Mitre S.;Deplasman;ARJUL;7 Eyl;Mitre S.;CA Defensore;1 - 2;1-1;Mağlubiyet
2713973;All Boys - Mitre Santia;Mitre S.;Deplasman;ARJUL;30 Ağu;Chacarita;Mitre S.;2 - 2;1-0;Beraberlik
2654434;Granada - Real Valladolid;Granada;Ev Sahibi;İSP2;6 Şub;Leganes;Granada;1 - 0;1-0;Mağlubiyet
2654434;Granada - Real Valladolid;Granada;Ev Sahibi;İSP2;1 Şub;Granada;Santander;1 - 0;1-0;Galibiyet
2654434;Granada - Real Valladolid;Granada;Ev Sahibi;İSP2;24 Oca;Cadiz;Granada;1 - 2;0-1;Galibiyet
2654434;Granada - Real Valladolid;Granada;Ev Sahibi;İSP2;19 Oca;Granada;Eibar;0 - 0;0-0;Beraberlik
2654434;Granada - Real Valladolid;Granada;Ev Sahibi;İSP2;11 Oca;Granada;Castellon;0 - 0;0-0;Beraberlik
2654434;Granada - Real Valladolid;Granada;Ev Sahibi;İSPKK;6 Oca;Granada;Vallecano;1 - 3;1-0;Mağlubiyet
2654434;Granada - Real Valladolid;R.Valladolid;Deplasman;İSP2;8 Şub;R.Valladolid;Castellon;0 - 4;0-3;Mağlubiyet
2654434;Granada - Real Valladolid;R.Valladolid;Deplasman;İSP2;31 Oca;Cordoba;R.Valladolid;3 - 1;1-1;Mağlubiyet
2654434;Granada - Real Valladolid;R.Valladolid;Deplasman;İSP2;24 Oca;R.Valladolid;Albacete;0 - 1;0-0;Mağlubiyet
2654434;Granada - Real Valladolid;R.Valladolid;Deplasman;İSP2;17 Oca;Ceuta;R.Valladolid;0 - 3;0-1;Galibiyet
2654434;Granada - Real Valladolid;R.Valladolid;Deplasman;İSP2;11 Oca;Leganes;R.Valladolid;3 - 0;2-0;Mağlubiyet
2654434;Granada - Real Valladolid;R.Valladolid;Deplasman;İSP2;3 Oca;R.Valladolid;Santander;1 - 1;0-0;Beraberlik
2653968;Gimnastic - Betis D. Balompie;Tarragona;Ev Sahibi;PRI;8 Şub;Tarragona;Villarreal B;0 - 1;0-1;Mağlubiyet
2653968;Gimnastic - Betis D. Balompie;Tarragona;Ev Sahibi;PRI;1 Şub;Alcorcon;Tarragona;1 - 1;1-0;Beraberlik
2653968;Gimnastic - Betis D. Balompie;Tarragona;Ev Sahibi;PRI;24 Oca;Tarragona;Ibiza;1 - 0;1-0;Galibiyet
2653968;Gimnastic - Betis D. Balompie;Tarragona;Ev Sahibi;PRI;18 Oca;Atletico S.;Tarragona;1 - 0;0-0;Mağlubiyet
2653968;Gimnastic - Betis D. Balompie;Tarragona;Ev Sahibi;PRI;11 Oca;Tarragona;Teruel;0 - 1;0-1;Mağlubiyet
2653968;Gimnastic - Betis D. Balompie;Tarragona;Ev Sahibi;PRI;3 Oca;Juventud T.;Tarragona;2 - 0;1-0;Mağlubiyet
2653968;Gimnastic - Betis D. Balompie;Betis Depor.;Deplasman;PRI;8 Şub;Betis Depor.;Ibiza;3 - 2;1-0;Galibiyet
2653968;Gimnastic - Betis D. Balompie;Betis Depor.;Deplasman;PRI;31 Oca;Atletico S.;Betis Depor.;1 - 4;0-3;Galibiyet
2653968;Gimnastic - Betis D. Balompie;Betis Depor.;Deplasman;PRI;24 Oca;Betis Depor.;Marbella;0 - 1;0-0;Mağlubiyet
2653968;Gimnastic - Betis D. Balompie;Betis Depor.;Deplasman;PRI;18 Oca;Algeciras;Betis Depor.;2 - 0;1-0;Mağlubiyet
2653968;Gimnastic - Betis D. Balompie;Betis Depor.;Deplasman;PRI;11 Oca;Betis Depor.;Juventud T.;2 - 0;0-0;Galibiyet
2653968;Gimnastic - Betis D. Balompie;Betis Depor.;Deplasman;PRI;4 Oca;Betis Depor.;CE Europa;2 - 2;1-0;Beraberlik
2720775;D. Maldonado - CA Progreso;D. Maldonado;Ev Sahibi;URU;8 Şub;R.Montevideo;D. Maldonado;2 - 4;1-2;Galibiyet
2720775;D. Maldonado - CA Progreso;D. Maldonado;Ev Sahibi;COP;14 Oca;Nacional;D. Maldonado;0 - 0;0-0;Beraberlik
2720775;D. Maldonado - CA Progreso;D. Maldonado;Ev Sahibi;2.L;30 Kas;CA Atenas;D. Maldonado;0 - 1;-;Galibiyet
2720775;D. Maldonado - CA Progreso;D. Maldonado;Ev Sahibi;2.L;23 Kas;D. Maldonado;CA Atenas;0 - 0;-;Beraberlik
2720775;D. Maldonado - CA Progreso;D. Maldonado;Ev Sahibi;2.L;15 Kas;Colon;D. Maldonado;0 - 1;-;Galibiyet
2720775;D. Maldonado - CA Progreso;D. Maldonado;Ev Sahibi;2.L;8 Kas;D. Maldonado;Colon;1 - 1;-;Beraberlik
2720775;D. Maldonado - CA Progreso;Progreso;Deplasman;URU;7 Şub;Progreso;Central Esp.;0 - 3;0-2;Mağlubiyet
2720775;D. Maldonado - CA Progreso;Progreso;Deplasman;COP;30 Oca;Progreso;Boston River;;1-0;
2720775;D. Maldonado - CA Progreso;Progreso;Deplasman;COP;23 Oca;Nacional;Progreso;1 - 1;1-1;Beraberlik
2720775;D. Maldonado - CA Progreso;Progreso;Deplasman;COP;19 Oca;Juventud;Progreso;0 - 1;0-1;Galibiyet
2720775;D. Maldonado - CA Progreso;Progreso;Deplasman;HAZ;16 Oca;Progreso;Atl. Tucuman;;1-2;
2720775;D. Maldonado - CA Progreso;Progreso;Deplasman;COP;12 Oca;Defensor Sp.;Progreso;0 - 0;0-0;Beraberlik
2654576;Paris - RC Lens;Paris;Ev Sahibi;FRA;8 Şub;Auxerre;Paris;0 - 0;0-0;Beraberlik
2654576;Paris - RC Lens;Paris;Ev Sahibi;FRAK;4 Şub;Lorient;Paris;2 - 0;0-0;Mağlubiyet
2654576;Paris - RC Lens;Paris;Ev Sahibi;FRA;31 Oca;Paris;Marsilya;2 - 2;0-1;Beraberlik
2654576;Paris - RC Lens;Paris;Ev Sahibi;FRA;25 Oca;Paris;Angers;0 - 0;0-0;Beraberlik
2654576;Paris - RC Lens;Paris;Ev Sahibi;FRA;18 Oca;Nantes;Paris;1 - 2;0-1;Galibiyet
2654576;Paris - RC Lens;Paris;Ev Sahibi;FRAK;12 Oca;PSG;Paris;0 - 1;0-0;Galibiyet
2654576;Paris - RC Lens;Lens;Deplasman;FRA;7 Şub;Lens;Rennes;3 - 1;1-1;Galibiyet
2654576;Paris - RC Lens;Lens;Deplasman;FRAK;4 Şub;Troyes;Lens;2 - 4;1-1;Galibiyet
2654576;Paris - RC Lens;Lens;Deplasman;FRA;30 Oca;Lens;Le Havre;1 - 0;1-0;Galibiyet
2654576;Paris - RC Lens;Lens;Deplasman;FRA;24 Oca;Marsilya;Lens;3 - 1;2-0;Mağlubiyet
2654576;Paris - RC Lens;Lens;Deplasman;FRA;17 Oca;Lens;Auxerre;1 - 0;0-0;Galibiyet
2654576;Paris - RC Lens;Lens;Deplasman;FRAK;11 Oca;Sochaux;Lens;0 - 3;0-1;Galibiyet
2706630;Juan Pablo II - S. Cristal;Juan Pablo;Ev Sahibi;PER;8 Şub;Cienciano;Juan Pablo;6 - 1;3-1;Mağlubiyet
2706630;Juan Pablo II - S. Cristal;Juan Pablo;Ev Sahibi;PER;31 Oca;Juan Pablo;Cajamarca;3 - 3;0-1;Beraberlik
2706630;Juan Pablo II - S. Cristal;Juan Pablo;Ev Sahibi;PER;23 Kas;Huanuco;Juan Pablo;3 - 0;2-0;Mağlubiyet
2706630;Juan Pablo II - S. Cristal;Juan Pablo;Ev Sahibi;PER;8 Kas;Juan Pablo;Atl. Grau;3 - 1;2-0;Galibiyet
2706630;Juan Pablo II - S. Cristal;Juan Pablo;Ev Sahibi;PER;3 Kas;Cienciano;Juan Pablo;2 - 1;0-1;Mağlubiyet
2706630;Juan Pablo II - S. Cristal;Juan Pablo;Ev Sahibi;PER;24 Eki;Juan Pablo;Comerciantes;0 - 1;0-1;Mağlubiyet
2706630;Juan Pablo II - S. Cristal;S. Cristal;Deplasman;PER;8 Şub;S. Cristal;Melgar;1 - 2;0-0;Mağlubiyet
2706630;Juan Pablo II - S. Cristal;S. Cristal;Deplasman;PER;1 Şub;D. Garcilaso;S. Cristal;1 - 1;0-0;Beraberlik
2706630;Juan Pablo II - S. Cristal;S. Cristal;Deplasman;HAZ;26 Oca;S. Cristal;Un. Catolica;3 - 1;2-1;Galibiyet
2706630;Juan Pablo II - S. Cristal;S. Cristal;Deplasman;PER;15 Ara;R. Garcilaso;S. Cristal;2 - 0;1-0;Mağlubiyet
2706630;Juan Pablo II - S. Cristal;S. Cristal;Deplasman;PER;11 Ara;S. Cristal;R. Garcilaso;1 - 0;1-0;Galibiyet
2706630;Juan Pablo II - S. Cristal;S. Cristal;Deplasman;PER;7 Ara;Alianza Lima;S. Cristal;3 - 3;3-1;Beraberlik
2653901;Gil Vicente - Braga;Gil Vicente;Ev Sahibi;POR;7 Şub;Moreirense;Gil Vicente;1 - 2;0-1;Galibiyet
2653901;Gil Vicente - Braga;Gil Vicente;Ev Sahibi;POR;1 Şub;Gil Vicente;Famalicao;5 - 0;1-0;Galibiyet
2653901;Gil Vicente - Braga;Gil Vicente;Ev Sahibi;POR;26 Oca;Porto;Gil Vicente;3 - 0;1-0;Mağlubiyet
2653901;Gil Vicente - Braga;Gil Vicente;Ev Sahibi;POR;17 Oca;Gil Vicente;N. Madeira;2 - 1;1-1;Galibiyet
2653901;Gil Vicente - Braga;Gil Vicente;Ev Sahibi;POR;2 Oca;Gil Vicente;Sporting CP;1 - 1;0-1;Beraberlik
2653901;Gil Vicente - Braga;Gil Vicente;Ev Sahibi;POR;28 Ara;Arouca;Gil Vicente;2 - 2;2-1;Beraberlik
2653901;Gil Vicente - Braga;Braga;Deplasman;POR;8 Şub;Braga;Rio Ave;3 - 0;1-0;Galibiyet
2653901;Gil Vicente - Braga;Braga;Deplasman;POR;2 Şub;Avs Futebol;Braga;0 - 4;0-2;Galibiyet
2653901;Gil Vicente - Braga;Braga;Deplasman;AVL;29 Oca;Go Ahead;Braga;0 - 0;0-0;Beraberlik
2653901;Gil Vicente - Braga;Braga;Deplasman;POR;25 Oca;Braga;Alverca;5 - 0;4-0;Galibiyet
2653901;Gil Vicente - Braga;Braga;Deplasman;AVL;22 Oca;Braga;Nottingham;1 - 0;0-0;Galibiyet
2653901;Gil Vicente - Braga;Braga;Deplasman;POR;18 Oca;Tondela;Braga;0 - 1;0-0;Galibiyet
2653738;Banfield - Racing Club;Banfield;Ev Sahibi;ARJSL;8 Şub;Belgrano;Banfield;1 - 0;0-0;Mağlubiyet
2653738;Banfield - Racing Club;Banfield;Ev Sahibi;ARJSL;4 Şub;Banfield;Estudiantes;2 - 1;0-1;Galibiyet
2653738;Banfield - Racing Club;Banfield;Ev Sahibi;ARJSL;30 Oca;CA Sarmiento;Banfield;1 - 0;1-0;Mağlubiyet
2653738;Banfield - Racing Club;Banfield;Ev Sahibi;ARJSL;23 Oca;Banfield;Huracan;1 - 1;0-0;Beraberlik
2653738;Banfield - Racing Club;Banfield;Ev Sahibi;ARJSL;17 Kas;C. Cordoba;Banfield;1 - 1;1-0;Beraberlik
2653738;Banfield - Racing Club;Banfield;Ev Sahibi;ARJSL;10 Kas;Banfield;CA Aldosivi;0 - 1;0-0;Mağlubiyet
2653738;Banfield - Racing Club;Racing Club;Deplasman;ARJSL;8 Şub;Racing Club;A. Juniors;2 - 1;2-0;Galibiyet
2653738;Banfield - Racing Club;Racing Club;Deplasman;ARJSL;3 Şub;Tigre;Racing Club;3 - 1;1-0;Mağlubiyet
2653738;Banfield - Racing Club;Racing Club;Deplasman;ARJSL;29 Oca;Racing Club;Rosario C.;1 - 2;1-2;Mağlubiyet
2653738;Banfield - Racing Club;Racing Club;Deplasman;ARJSL;25 Oca;Gimnasia;Racing Club;2 - 1;1-0;Mağlubiyet
2653738;Banfield - Racing Club;Racing Club;Deplasman;ARJSL;14 Ara;Racing Club;Estudiantes;;0-0;
2653738;Banfield - Racing Club;Racing Club;Deplasman;ARJSL;8 Ara;Boca Juniors;Racing Club;0 - 1;0-0;Galibiyet
2693606;Agropecuario A. - CD Maipu;Agropecuario;Ev Sahibi;ARJUL;13 Eki;Tristan S.;Agropecuario;2 - 1;2-0;Mağlubiyet
2693606;Agropecuario A. - CD Maipu;Agropecuario;Ev Sahibi;ARJUL;5 Eki;Agropecuario;CA San Telmo;2 - 0;0-0;Galibiyet
2693606;Agropecuario A. - CD Maipu;Agropecuario;Ev Sahibi;ARJUL;27 Eyl;N. Chicago;Agropecuario;1 - 0;0-0;Mağlubiyet
2693606;Agropecuario A. - CD Maipu;Agropecuario;Ev Sahibi;ARJUL;22 Eyl;Gimnasia Juj;Agropecuario;0 - 2;0-0;Galibiyet
2693606;Agropecuario A. - CD Maipu;Agropecuario;Ev Sahibi;ARJUL;15 Eyl;Agropecuario;Gimnasia Y;2 - 0;1-0;Galibiyet
2693606;Agropecuario A. - CD Maipu;Agropecuario;Ev Sahibi;ARJUL;7 Eyl;Central Nort;Agropecuario;0 - 2;0-0;Galibiyet
2693606;Agropecuario A. - CD Maipu;CD Maipu;Deplasman;ARJK;6 Şub;Dep. Riestra;CD Maipu;1 - 0;1-0;Mağlubiyet
2693606;Agropecuario A. - CD Maipu;CD Maipu;Deplasman;ARJUL;12 Eki;Estudiantes;CD Maipu;1 - 0;1-0;Mağlubiyet
2693606;Agropecuario A. - CD Maipu;CD Maipu;Deplasman;ARJUL;4 Eki;CA Atlanta;CD Maipu;0 - 3;0-0;Galibiyet
2693606;Agropecuario A. - CD Maipu;CD Maipu;Deplasman;ARJUL;28 Eyl;CD Maipu;Colegiales;1 - 2;0-2;Mağlubiyet
2693606;Agropecuario A. - CD Maipu;CD Maipu;Deplasman;ARJUL;20 Eyl;A. Sarandi;CD Maipu;1 - 2;0-1;Galibiyet
2693606;Agropecuario A. - CD Maipu;CD Maipu;Deplasman;ARJUL;14 Eyl;CD Maipu;All Boys;0 - 0;0-0;Beraberlik
2654917;Deportivo Mixco - Comunicacion;Deportivo M.;Ev Sahibi;LIG;9 Şub;Antigua;Deportivo M.;1 - 2;1-1;Galibiyet
2654917;Deportivo Mixco - Comunicacion;Deportivo M.;Ev Sahibi;LIG;1 Şub;Deportivo M.;CSD Coban;1 - 1;0-0;Beraberlik
2654917;Deportivo Mixco - Comunicacion;Deportivo M.;Ev Sahibi;LIG;29 Oca;D. Achuapa;Deportivo M.;2 - 0;1-0;Mağlubiyet
2654917;Deportivo Mixco - Comunicacion;Deportivo M.;Ev Sahibi;LIG;26 Oca;Deportivo M.;Malacateco;1 - 0;0-0;Galibiyet
2654917;Deportivo Mixco - Comunicacion;Deportivo M.;Ev Sahibi;LIG;23 Oca;Guastatoya;Deportivo M.;2 - 0;1-0;Mağlubiyet
2654917;Deportivo Mixco - Comunicacion;Deportivo M.;Ev Sahibi;LIG;12 Ara;Deportivo M.;D. Achuapa;0 - 0;0-0;Beraberlik
2654917;Deportivo Mixco - Comunicacion;Comunicacion;Deplasman;LIG;8 Şub;Comunicacion;Marquense;2 - 1;0-1;Galibiyet
2654917;Deportivo Mixco - Comunicacion;Comunicacion;Deplasman;LIG;1 Şub;Xelaju;Comunicacion;2 - 0;1-0;Mağlubiyet
2654917;Deportivo Mixco - Comunicacion;Comunicacion;Deplasman;LIG;29 Oca;Antigua;Comunicacion;0 - 1;0-0;Galibiyet
2654917;Deportivo Mixco - Comunicacion;Comunicacion;Deplasman;LIG;25 Oca;Comunicacion;CSD Coban;2 - 3;1-1;Mağlubiyet
2654917;Deportivo Mixco - Comunicacion;Comunicacion;Deplasman;LIG;22 Oca;D. Achuapa;Comunicacion;2 - 3;1-3;Galibiyet
2654917;Deportivo Mixco - Comunicacion;Comunicacion;Deplasman;LIG;1 Ara;Comunicacion;Xelaju;0 - 1;0-1;Mağlubiyet
2664910;Deportes Limache - O'Higgins;Deportes L.;Ev Sahibi;ŞİL;9 Şub;Nublense;Deportes L.;1 - 1;0-1;Beraberlik
2664910;Deportes Limache - O'Higgins;Deportes L.;Ev Sahibi;ŞİL;31 Oca;Deportes L.;Colo Colo;3 - 1;3-0;Galibiyet
2664910;Deportes Limache - O'Higgins;Deportes L.;Ev Sahibi;SÜP;22 Oca;Coquimbo Uni;Deportes L.;3 - 2;1-1;Mağlubiyet
2664910;Deportes Limache - O'Higgins;Deportes L.;Ev Sahibi;ŞİLK;11 Ara;Huachipato;Deportes L.;1 - 1;0-0;Beraberlik
2664910;Deportes Limache - O'Higgins;Deportes L.;Ev Sahibi;ŞİL;7 Ara;Deportes L.;La Serena;1 - 0;0-0;Galibiyet
2664910;Deportes Limache - O'Higgins;Deportes L.;Ev Sahibi;ŞİL;1 Ara;Dep. Calera;Deportes L.;0 - 1;0-0;Mağlubiyet
2664910;Deportes Limache - O'Higgins;O Higgins;Deplasman;ŞİL;8 Şub;O Higgins;La Serena;1 - 0;0-0;Galibiyet
2664910;Deportes Limache - O'Higgins;O Higgins;Deplasman;ŞİL;3 Şub;O Higgins;Dep. Concep.;2 - 1;1-0;Galibiyet
2664910;Deportes Limache - O'Higgins;O Higgins;Deplasman;ŞİL;7 Ara;O Higgins;Everton D.V.;1 - 0;0-0;Galibiyet
2664910;Deportes Limache - O'Higgins;O Higgins;Deplasman;ŞİL;1 Ara;U. Espanola;O Higgins;2 - 4;1-1;Galibiyet
2664910;Deportes Limache - O'Higgins;O Higgins;Deplasman;ŞİL;24 Kas;O Higgins;U. Chile;0 - 1;0-1;Mağlubiyet
2664910;Deportes Limache - O'Higgins;O Higgins;Deplasman;ŞİL;9 Kas;O Higgins;Nublense;4 - 2;1-1;Galibiyet
2664708;Dep. La Gua. - Caracas;D. La Guaira;Ev Sahibi;PRE;9 Şub;Metropolita.;D. La Guaira;2 - 2;0-1;Beraberlik
2664708;Dep. La Gua. - Caracas;D. La Guaira;Ev Sahibi;PRE;1 Şub;D. La Guaira;Monagas;2 - 0;1-0;Galibiyet
2664708;Dep. La Gua. - Caracas;D. La Guaira;Ev Sahibi;PRE;9 Kas;D. La Guaira;A. Puerto C.;0 - 0;0-0;Beraberlik
2664708;Dep. La Gua. - Caracas;D. La Guaira;Ev Sahibi;PRE;5 Kas;Zamora;D. La Guaira;2 - 0;1-0;Mağlubiyet
2664708;Dep. La Gua. - Caracas;D. La Guaira;Ev Sahibi;PRE;1 Kas;D. La Guaira;Monagas;2 - 1;0-1;Galibiyet
2664708;Dep. La Gua. - Caracas;D. La Guaira;Ev Sahibi;PRE;26 Eki;Monagas;D. La Guaira;0 - 1;0-0;Galibiyet
2664708;Dep. La Gua. - Caracas;Caracas;Deplasman;PRE;8 Şub;Caracas;A. Puerto C.;1 - 1;1-1;Beraberlik
2664708;Dep. La Gua. - Caracas;Caracas;Deplasman;PRE;2 Şub;Estudiantes;Caracas;2 - 2;1-1;Beraberlik
2664708;Dep. La Gua. - Caracas;Caracas;Deplasman;PRE;10 Kas;Carabobo;Caracas;2 - 0;0-0;Mağlubiyet
2664708;Dep. La Gua. - Caracas;Caracas;Deplasman;PRE;6 Kas;Caracas;D. Tachira;0 - 0;0-0;Beraberlik
2664708;Dep. La Gua. - Caracas;Caracas;Deplasman;PRE;2 Kas;Caracas;Metropolita.;1 - 1;1-1;Beraberlik
2664708;Dep. La Gua. - Caracas;Caracas;Deplasman;PRE;27 Eki;Metropolita.;Caracas;2 - 3;0-3;Galibiyet
2664841;Millonarios - Llaneros;Millonarios;Ev Sahibi;KOL;12 Şub;Millonarios;Rio. Aguilas;1 - 0;0-0;Galibiyet
2664841;Millonarios - Llaneros;Millonarios;Ev Sahibi;KOL;9 Şub;D. Cali;Millonarios;0 - 0;0-0;Beraberlik
2664841;Millonarios - Llaneros;Millonarios;Ev Sahibi;KOL;2 Şub;Millonarios;I. Medellin;0 - 0;0-0;Beraberlik
2664841;Millonarios - Llaneros;Millonarios;Ev Sahibi;KOL;29 Oca;D. Pasto;Millonarios;2 - 1;1-1;Mağlubiyet
2664841;Millonarios - Llaneros;Millonarios;Ev Sahibi;KOL;26 Oca;Millonarios;Atl. Junior;1 - 2;1-2;Mağlubiyet
2664841;Millonarios - Llaneros;Millonarios;Ev Sahibi;KOL;18 Oca;Bucaramanga;Millonarios;2 - 1;0-1;Mağlubiyet
2664841;Millonarios - Llaneros;Llaneros;Deplasman;KOL;11 Şub;Llaneros;D. Pasto;0 - 1;0-1;Mağlubiyet
2664841;Millonarios - Llaneros;Llaneros;Deplasman;KOL;8 Şub;D. Tolima;Llaneros;0 - 1;0-0;Galibiyet
2664841;Millonarios - Llaneros;Llaneros;Deplasman;KOL;2 Şub;Llaneros;Rio. Aguilas;1 - 1;1-0;Beraberlik
2664841;Millonarios - Llaneros;Llaneros;Deplasman;KOL;28 Oca;Fortaleza;Llaneros;1 - 1;0-1;Beraberlik
2664841;Millonarios - Llaneros;Llaneros;Deplasman;KOL;25 Oca;Llaneros;Bucaramanga;1 - 1;1-1;Beraberlik
2664841;Millonarios - Llaneros;Llaneros;Deplasman;KOL;17 Oca;D. Pereira;Llaneros;0 - 2;0-0;Galibiyet
2688512;Club Olimpia - Rubio NU;Olimpia;Ev Sahibi;PAR;9 Şub;C. Nacional;Olimpia;1 - 2;1-1;Galibiyet
2688512;Club Olimpia - Rubio NU;Olimpia;Ev Sahibi;PAR;2 Şub;Olimpia;Sportivo T.;3 - 2;1-1;Galibiyet
2688512;Club Olimpia - Rubio NU;Olimpia;Ev Sahibi;PAR;29 Oca;CS 2 de Mayo;Olimpia;1 - 1;0-0;Beraberlik
2688512;Club Olimpia - Rubio NU;Olimpia;Ev Sahibi;PAR;26 Oca;Olimpia;Guarani;2 - 1;1-0;Galibiyet
2688512;Club Olimpia - Rubio NU;Olimpia;Ev Sahibi;HAZ;19 Oca;Boca Juniors;Olimpia;2 - 1;2-1;Mağlubiyet
2688512;Club Olimpia - Rubio NU;Olimpia;Ev Sahibi;HAZ;16 Oca;Olimpia;Colo Colo;;0-0;
2688512;Club Olimpia - Rubio NU;Rubio Nu;Deplasman;PAR;8 Şub;Rubio Nu;Sportivo T.;0 - 1;0-0;Mağlubiyet
2688512;Club Olimpia - Rubio NU;Rubio Nu;Deplasman;PAR;2 Şub;Guarani;Rubio Nu;4 - 0;1-0;Mağlubiyet
2688512;Club Olimpia - Rubio NU;Rubio Nu;Deplasman;PAR;30 Oca;Rubio Nu;CD Recoleta;1 - 1;1-1;Beraberlik
2688512;Club Olimpia - Rubio NU;Rubio Nu;Deplasman;PAR;26 Oca;Sportivo A.;Rubio Nu;2 - 2;1-0;Beraberlik
2688512;Club Olimpia - Rubio NU;Rubio Nu;Deplasman;2.L;4 Eki;Tacuary;Rubio Nu;2 - 1;1-1;Mağlubiyet
2688512;Club Olimpia - Rubio NU;Rubio Nu;Deplasman;2.L;29 Eyl;Rubio Nu;Resistencia;4 - 1;4-0;Galibiyet
2693616;T. Suarez - Temperley;Tristan S.;Ev Sahibi;ARJUL;3 Kas;Estudiantes;Tristan S.;1 - 0;0-0;Mağlubiyet
2693616;T. Suarez - Temperley;Tristan S.;Ev Sahibi;ARJUL;21 Eki;Tristan S.;Estudiantes;0 - 0;0-0;Beraberlik
2693616;T. Suarez - Temperley;Tristan S.;Ev Sahibi;ARJUL;13 Eki;Tristan S.;Agropecuario;2 - 1;2-0;Galibiyet
2693616;T. Suarez - Temperley;Tristan S.;Ev Sahibi;ARJUL;4 Eki;Quilmes;Tristan S.;0 - 1;0-0;Galibiyet
2693616;T. Suarez - Temperley;Tristan S.;Ev Sahibi;ARJUL;28 Eyl;Tristan S.;R.  Cordoba;4 - 1;0-1;Galibiyet
2693616;T. Suarez - Temperley;Tristan S.;Ev Sahibi;ARJUL;20 Eyl;CA Atlanta;Tristan S.;1 - 0;0-0;Mağlubiyet
2693616;T. Suarez - Temperley;Temperley;Deplasman;ARJK;6 Şub;Barracas C.;Temperley;2 - 2;0-2;Beraberlik
2693616;T. Suarez - Temperley;Temperley;Deplasman;ARJUL;12 Eki;Gimnasia Y;Temperley;2 - 0;0-0;Mağlubiyet
2693616;T. Suarez - Temperley;Temperley;Deplasman;ARJUL;5 Eki;Temperley;N. Chicago;3 - 0;2-0;Galibiyet
2693616;T. Suarez - Temperley;Temperley;Deplasman;ARJUL;28 Eyl;Defensores;Temperley;0 - 0;0-0;Beraberlik
2693616;T. Suarez - Temperley;Temperley;Deplasman;ARJUL;20 Eyl;Temperley;Estudiantes;1 - 3;1-2;Mağlubiyet
2693616;T. Suarez - Temperley;Temperley;Deplasman;ARJUL;13 Eyl;D. Moron;Temperley;0 - 1;0-0;Galibiyet
2664775;Dep. Tachira - Trujillanos;D. Tachira;Ev Sahibi;LİB;11 Şub;D. Tachira;T. Strongest;1 - 0;1-0;Galibiyet
2664775;Dep. Tachira - Trujillanos;D. Tachira;Ev Sahibi;PRE;7 Şub;Portuguesa;D. Tachira;1 - 0;0-0;Mağlubiyet
2664775;Dep. Tachira - Trujillanos;D. Tachira;Ev Sahibi;LİB;4 Şub;T. Strongest;D. Tachira;2 - 1;0-0;Mağlubiyet
2664775;Dep. Tachira - Trujillanos;D. Tachira;Ev Sahibi;PRE;29 Oca;D. Tachira;Anzoategui;3 - 1;0-0;Galibiyet
2664775;Dep. Tachira - Trujillanos;D. Tachira;Ev Sahibi;PRE;10 Kas;D. Tachira;Metropolita.;2 - 0;2-0;Galibiyet
2664775;Dep. Tachira - Trujillanos;D. Tachira;Ev Sahibi;PRE;6 Kas;Caracas;D. Tachira;0 - 0;0-0;Beraberlik
2664775;Dep. Tachira - Trujillanos;Trujillanos;Deplasman;PRE;8 Şub;Trujillanos;Carabobo;1 - 1;0-1;Beraberlik
2664775;Dep. Tachira - Trujillanos;Trujillanos;Deplasman;PRE;2 Şub;Ucv;Trujillanos;2 - 0;1-0;Mağlubiyet
2664775;Dep. Tachira - Trujillanos;Trujillanos;Deplasman;SEG;16 Kas;Trujillanos;TFC Guanare;2 - 1;0-0;Galibiyet
2664775;Dep. Tachira - Trujillanos;Trujillanos;Deplasman;SEG;8 Kas;TFC Guanare;Trujillanos;1 - 2;1-0;Galibiyet
2664775;Dep. Tachira - Trujillanos;Trujillanos;Deplasman;SEG;2 Kas;Trujillanos;Dynamo P.;3 - 0;2-0;Galibiyet
2664775;Dep. Tachira - Trujillanos;Trujillanos;Deplasman;SEG;26 Eki;Dynamo P.;Trujillanos;0 - 1;0-0;Galibiyet
2706629;Sport Boys - Atl Grau;Sport Boys;Ev Sahibi;PER;7 Şub;Asociacion;Sport Boys;1 - 0;1-0;Mağlubiyet
2706629;Sport Boys - Atl Grau;Sport Boys;Ev Sahibi;PER;31 Oca;Sport Boys;Cultural;1 - 1;0-1;Beraberlik
2706629;Sport Boys - Atl Grau;Sport Boys;Ev Sahibi;HAZ;26 Oca;Sport Boys;Everton D.V.;2 - 3;1-0;Mağlubiyet
2706629;Sport Boys - Atl Grau;Sport Boys;Ev Sahibi;PER;16 Kas;Sport Boys;Alianza Atl.;0 - 1;0-1;Mağlubiyet
2706629;Sport Boys - Atl Grau;Sport Boys;Ev Sahibi;PER;7 Kas;R. Garcilaso;Sport Boys;3 - 0;1-0;Mağlubiyet
2706629;Sport Boys - Atl Grau;Sport Boys;Ev Sahibi;PER;3 Kas;Sport Boys;Cajamarca;2 - 2;2-1;Beraberlik
2706629;Sport Boys - Atl Grau;Atl. Grau;Deplasman;PER;7 Şub;Atl. Grau;S. Huancayo;0 - 0;0-0;Beraberlik
2706629;Sport Boys - Atl Grau;Atl. Grau;Deplasman;PER;30 Oca;Cajamarca;Atl. Grau;2 - 0;1-0;Mağlubiyet
2706629;Sport Boys - Atl Grau;Atl. Grau;Deplasman;PER;19 Kas;Atl. Grau;S. Cristal;1 - 2;0-1;Mağlubiyet
2706629;Sport Boys - Atl Grau;Atl. Grau;Deplasman;PER;8 Kas;Juan Pablo;Atl. Grau;3 - 1;2-0;Mağlubiyet
2706629;Sport Boys - Atl Grau;Atl. Grau;Deplasman;PER;2 Kas;Atl. Grau;Alianza Atl.;1 - 1;1-1;Beraberlik
2706629;Sport Boys - Atl Grau;Atl. Grau;Deplasman;PER;26 Eki;R. Garcilaso;Atl. Grau;1 - 0;0-0;Mağlubiyet
2653798;Talleres - Gimnasia Y.;Talleres;Ev Sahibi;ARJSL;10 Şub;Lanus;Talleres;1 - 1;0-0;Beraberlik
2653798;Talleres - Gimnasia Y.;Talleres;Ev Sahibi;ARJK;5 Şub;Talleres;Argentino De;2 - 0;0-0;Galibiyet
2653798;Talleres - Gimnasia Y.;Talleres;Ev Sahibi;ARJSL;1 Şub;Talleres;CA Platense;1 - 2;0-1;Mağlubiyet
2653798;Talleres - Gimnasia Y.;Talleres;Ev Sahibi;ARJSL;27 Oca;Velez;Talleres;2 - 1;0-1;Mağlubiyet
2653798;Talleres - Gimnasia Y.;Talleres;Ev Sahibi;ARJSL;24 Oca;Talleres;N. Old Boys;2 - 1;0-0;Galibiyet
2653798;Talleres - Gimnasia Y.;Talleres;Ev Sahibi;ARJSL;24 Kas;Boca Juniors;Talleres;2 - 0;1-0;Mağlubiyet
2653798;Talleres - Gimnasia Y.;Gimnasia Y;Deplasman;ARJSL;9 Şub;Gimnasia Y;I. Cordoba;1 - 0;0-0;Galibiyet
2653798;Talleres - Gimnasia Y.;Gimnasia Y;Deplasman;ARJSL;3 Şub;CA Union S.F;Gimnasia Y;4 - 0;2-0;Mağlubiyet
2653798;Talleres - Gimnasia Y.;Gimnasia Y;Deplasman;ARJSL;28 Oca;Gimnasia Y;San Lorenzo;0 - 1;0-0;Mağlubiyet
2653798;Talleres - Gimnasia Y.;Gimnasia Y;Deplasman;ARJSL;23 Oca;C. Cordoba;Gimnasia Y;0 - 1;0-1;Galibiyet
2653798;Talleres - Gimnasia Y.;Gimnasia Y;Deplasman;ARJUL;11 Eki;D. Madryn;Gimnasia Y;1 - 1;0-0;Beraberlik
2653798;Talleres - Gimnasia Y.;Gimnasia Y;Deplasman;ARJUL;5 Eki;Gimnasia Y;CA Defensore;1 - 0;0-0;Galibiyet
2654356;CA Huracan - CA Sarmiento;Huracan;Ev Sahibi;ARJSL;9 Şub;Huracan;San Lorenzo;1 - 0;0-0;Galibiyet
2654356;CA Huracan - CA Sarmiento;Huracan;Ev Sahibi;ARJSL;1 Şub;Atl. Tucuman;Huracan;1 - 1;1-0;Beraberlik
2654356;CA Huracan - CA Sarmiento;Huracan;Ev Sahibi;ARJSL;28 Oca;Huracan;Independient;1 - 2;1-0;Mağlubiyet
2654356;CA Huracan - CA Sarmiento;Huracan;Ev Sahibi;ARJSL;23 Oca;Banfield;Huracan;1 - 1;0-0;Beraberlik
2654356;CA Huracan - CA Sarmiento;Huracan;Ev Sahibi;HAZ;17 Oca;D. Cucuta;Huracan;;0-1;
2654356;CA Huracan - CA Sarmiento;Huracan;Ev Sahibi;HAZ;14 Oca;Huracan;C. Porteno;;1-0;
2654356;CA Huracan - CA Sarmiento;CA Sarmiento;Deplasman;ARJSL;8 Şub;CA Sarmiento;Atl. Tucuman;2 - 1;2-0;Galibiyet
2654356;CA Huracan - CA Sarmiento;CA Sarmiento;Deplasman;ARJSL;4 Şub;Independient;CA Sarmiento;2 - 1;1-0;Mağlubiyet
2654356;CA Huracan - CA Sarmiento;CA Sarmiento;Deplasman;ARJSL;30 Oca;CA Sarmiento;Banfield;1 - 0;1-0;Galibiyet
2654356;CA Huracan - CA Sarmiento;CA Sarmiento;Deplasman;ARJSL;26 Oca;A. Juniors;CA Sarmiento;1 - 0;0-0;Mağlubiyet
2654356;CA Huracan - CA Sarmiento;CA Sarmiento;Deplasman;ARJSL;16 Kas;San Lorenzo;CA Sarmiento;1 - 1;1-0;Beraberlik
2654356;CA Huracan - CA Sarmiento;CA Sarmiento;Deplasman;ARJSL;10 Kas;CA Sarmiento;I. Cordoba;2 - 1;2-0;Galibiyet
2713942;Colon - Dep. Madryn;Colon;Ev Sahibi;HAZ;24 Oca;Paysandu FC;Colon;1 - 1;1-1;Beraberlik
2713942;Colon - Dep. Madryn;Colon;Ev Sahibi;HAZ;21 Oca;Miramar;Colon;;0-0;
2713942;Colon - Dep. Madryn;Colon;Ev Sahibi;ARJUL;5 Eki;Colon;Defensores;1 - 0;0-0;Galibiyet
2713942;Colon - Dep. Madryn;Colon;Ev Sahibi;ARJUL;27 Eyl;Estudiantes;Colon;1 - 0;1-0;Mağlubiyet
2713942;Colon - Dep. Madryn;Colon;Ev Sahibi;ARJUL;21 Eyl;Colon;D. Moron;0 - 0;0-0;Beraberlik
2713942;Colon - Dep. Madryn;Colon;Ev Sahibi;ARJUL;14 Eyl;Talleres de;Colon;2 - 0;0-0;Mağlubiyet
2713942;Colon - Dep. Madryn;D. Madryn;Deplasman;ARJUL;30 Kas;D. Madryn;Estudiantes;1 - 1;0-0;Beraberlik
2713942;Colon - Dep. Madryn;D. Madryn;Deplasman;ARJUL;23 Kas;Estudiantes;D. Madryn;2 - 0;0-0;Mağlubiyet
2713942;Colon - Dep. Madryn;D. Madryn;Deplasman;ARJUL;16 Kas;D. Madryn;D. Moron;1 - 0;1-0;Galibiyet
2713942;Colon - Dep. Madryn;D. Madryn;Deplasman;ARJUL;9 Kas;D. Moron;D. Madryn;1 - 0;0-0;Mağlubiyet
2713942;Colon - Dep. Madryn;D. Madryn;Deplasman;ARJUL;2 Kas;D. Madryn;Gimnasia Juj;1 - 0;1-0;Galibiyet
2713942;Colon - Dep. Madryn;D. Madryn;Deplasman;ARJUL;11 Eki;D. Madryn;Gimnasia Y;1 - 1;0-0;Beraberlik
2657316;Municipal L. - Fuerte San Francisco;Municipal L.;Ev Sahibi;PRE;9 Şub;Aguila;Municipal L.;1 - 0;1-0;Mağlubiyet
2657316;Municipal L. - Fuerte San Francisco;Municipal L.;Ev Sahibi;PRE;5 Şub;Municipal L.;CD Fas;1 - 1;0-0;Beraberlik
2657316;Municipal L. - Fuerte San Francisco;Municipal L.;Ev Sahibi;PRE;2 Şub;CD Hercules;Municipal L.;1 - 1;0-1;Beraberlik
2657316;Municipal L. - Fuerte San Francisco;Municipal L.;Ev Sahibi;PRE;26 Oca;Municipal L.;I. Metapan;0 - 0;0-0;Beraberlik
2657316;Municipal L. - Fuerte San Francisco;Municipal L.;Ev Sahibi;PRE;22 Oca;Platense M.;Municipal L.;0 - 1;0-0;Galibiyet
2657316;Municipal L. - Fuerte San Francisco;Municipal L.;Ev Sahibi;PRE;18 Oca;Luis Angel;Municipal L.;2 - 0;1-0;Mağlubiyet
2657316;Municipal L. - Fuerte San Francisco;CD Fuerte Sa;Deplasman;PRE;8 Şub;Luis Angel;CD Fuerte Sa;1 - 0;1-0;Mağlubiyet
2657316;Municipal L. - Fuerte San Francisco;CD Fuerte Sa;Deplasman;PRE;5 Şub;CD Fuerte Sa;Aguila;2 - 3;0-2;Mağlubiyet
2657316;Municipal L. - Fuerte San Francisco;CD Fuerte Sa;Deplasman;PRE;2 Şub;Cacahuatique;CD Fuerte Sa;0 - 0;0-0;Beraberlik
2657316;Municipal L. - Fuerte San Francisco;CD Fuerte Sa;Deplasman;PRE;26 Oca;CD Fuerte Sa;CD Fas;1 - 1;0-1;Beraberlik
2657316;Municipal L. - Fuerte San Francisco;CD Fuerte Sa;Deplasman;PRE;22 Oca;Fundacion F.;CD Fuerte Sa;2 - 0;2-0;Mağlubiyet
2657316;Municipal L. - Fuerte San Francisco;CD Fuerte Sa;Deplasman;PRE;19 Oca;CD Fuerte Sa;CD Hercules;1 - 1;1-1;Beraberlik
2657421;Fundacion F. Un Atleta - CD Hercules;Fundacion F.;Ev Sahibi;PRE;8 Şub;I. Metapan;Fundacion F.;0 - 3;0-1;Galibiyet
2657421;Fundacion F. Un Atleta - CD Hercules;Fundacion F.;Ev Sahibi;PRE;5 Şub;Fundacion F.;Platense M.;0 - 0;0-0;Beraberlik
2657421;Fundacion F. Un Atleta - CD Hercules;Fundacion F.;Ev Sahibi;PRE;1 Şub;Luis Angel;Fundacion F.;0 - 0;0-0;Beraberlik
2657421;Fundacion F. Un Atleta - CD Hercules;Fundacion F.;Ev Sahibi;PRE;29 Oca;Alianza;Fundacion F.;1 - 3;1-1;Galibiyet
2657421;Fundacion F. Un Atleta - CD Hercules;Fundacion F.;Ev Sahibi;PRE;25 Oca;Fundacion F.;Cacahuatique;2 - 1;0-0;Galibiyet
2657421;Fundacion F. Un Atleta - CD Hercules;Fundacion F.;Ev Sahibi;PRE;22 Oca;Fundacion F.;CD Fuerte Sa;2 - 0;2-0;Galibiyet
2657421;Fundacion F. Un Atleta - CD Hercules;CD Hercules;Deplasman;PRE;9 Şub;CD Hercules;Alianza;1 - 4;0-3;Mağlubiyet
2657421;Fundacion F. Un Atleta - CD Hercules;CD Hercules;Deplasman;PRE;5 Şub;Zacatecoluca;CD Hercules;1 - 2;1-0;Galibiyet
2657421;Fundacion F. Un Atleta - CD Hercules;CD Hercules;Deplasman;PRE;2 Şub;CD Hercules;Municipal L.;1 - 1;0-1;Beraberlik
2657421;Fundacion F. Un Atleta - CD Hercules;CD Hercules;Deplasman;PRE;26 Oca;Aguila;CD Hercules;3 - 1;2-1;Mağlubiyet
2657421;Fundacion F. Un Atleta - CD Hercules;CD Hercules;Deplasman;PRE;22 Oca;CD Hercules;CD Fas;0 - 2;0-0;Mağlubiyet
2657421;Fundacion F. Un Atleta - CD Hercules;CD Hercules;Deplasman;PRE;19 Oca;CD Fuerte Sa;CD Hercules;1 - 1;1-1;Beraberlik
2654888;Guadalupe - AD San Carlos;Guadalupe;Ev Sahibi;PRE;9 Şub;S. San Jose;Guadalupe;1 - 1;0-1;Beraberlik
2654888;Guadalupe - AD San Carlos;Guadalupe;Ev Sahibi;PRE;28 Oca;Guadalupe;Alajuelense;1 - 3;1-3;Mağlubiyet
2654888;Guadalupe - AD San Carlos;Guadalupe;Ev Sahibi;PRE;25 Oca;Puntarenas;Guadalupe;0 - 0;0-0;Beraberlik
2654888;Guadalupe - AD San Carlos;Guadalupe;Ev Sahibi;PRE;21 Oca;Herediano;Guadalupe;4 - 0;0-0;Mağlubiyet
2654888;Guadalupe - AD San Carlos;Guadalupe;Ev Sahibi;PRE;19 Oca;Guadalupe;Municipal L.;2 - 1;1-1;Galibiyet
2654888;Guadalupe - AD San Carlos;Guadalupe;Ev Sahibi;PRE;15 Oca;Cartagines;Guadalupe;2 - 1;0-1;Mağlubiyet
2654888;Guadalupe - AD San Carlos;San Carlos;Deplasman;PRE;9 Şub;D. Saprissa;San Carlos;2 - 1;2-1;Mağlubiyet
2654888;Guadalupe - AD San Carlos;San Carlos;Deplasman;PRE;29 Oca;San Carlos;Municipal L.;1 - 0;0-0;Galibiyet
2654888;Guadalupe - AD San Carlos;San Carlos;Deplasman;PRE;25 Oca;Alajuelense;San Carlos;1 - 0;0-0;Mağlubiyet
2654888;Guadalupe - AD San Carlos;San Carlos;Deplasman;PRE;22 Oca;San Carlos;Puntarenas;1 - 0;0-0;Galibiyet
2654888;Guadalupe - AD San Carlos;San Carlos;Deplasman;PRE;19 Oca;San Carlos;S. San Jose;3 - 0;0-0;Galibiyet
2654888;Guadalupe - AD San Carlos;San Carlos;Deplasman;PRE;14 Oca;Perez Z.;San Carlos;3 - 1;2-1;Mağlubiyet
2648243;Atl San Luis - Queretaro;R.S. Luis;Ev Sahibi;LIG;7 Şub;Necaxa;R.S. Luis;4 - 1;1-0;Mağlubiyet
2648243;Atl San Luis - Queretaro;R.S. Luis;Ev Sahibi;LIG;1 Şub;R.S. Luis;Guadalajara;2 - 3;1-2;Mağlubiyet
2648243;Atl San Luis - Queretaro;R.S. Luis;Ev Sahibi;LIG;18 Oca;Club Tijuana;R.S. Luis;1 - 1;1-0;Beraberlik
2648243;Atl San Luis - Queretaro;R.S. Luis;Ev Sahibi;LIG;15 Oca;Club America;R.S. Luis;0 - 2;0-0;Galibiyet
2648243;Atl San Luis - Queretaro;R.S. Luis;Ev Sahibi;LIG;12 Oca;R.S. Luis;Tigres;1 - 2;0-0;Mağlubiyet
2648243;Atl San Luis - Queretaro;R.S. Luis;Ev Sahibi;MEK;9 Kas;Tigres;R.S. Luis;3 - 1;1-1;Mağlubiyet
2648243;Atl San Luis - Queretaro;Queretaro;Deplasman;LIG;8 Şub;Queretaro;Club Leon;2 - 0;1-0;Galibiyet
2648243;Atl San Luis - Queretaro;Queretaro;Deplasman;LIG;2 Şub;Queretaro;Pachuca;0 - 0;0-0;Beraberlik
2648243;Atl San Luis - Queretaro;Queretaro;Deplasman;LIG;18 Oca;Guadalajara;Queretaro;2 - 1;1-0;Mağlubiyet
2648243;Atl San Luis - Queretaro;Queretaro;Deplasman;LIG;15 Oca;Queretaro;Club Tijuana;1 - 2;0-0;Mağlubiyet
2648243;Atl San Luis - Queretaro;Queretaro;Deplasman;LIG;11 Oca;Pumas;Queretaro;1 - 1;0-0;Beraberlik
2648243;Atl San Luis - Queretaro;Queretaro;Deplasman;MEK;8 Kas;Juarez;Queretaro;1 - 2;0-2;Galibiyet
2653867;Pachuca - Atlas;Pachuca;Ev Sahibi;LIG;8 Şub;Pachuca;Juarez;2 - 0;1-0;Galibiyet
2653867;Pachuca - Atlas;Pachuca;Ev Sahibi;LIG;2 Şub;Queretaro;Pachuca;0 - 0;0-0;Beraberlik
2653867;Pachuca - Atlas;Pachuca;Ev Sahibi;LIG;19 Oca;Pachuca;Club America;0 - 0;0-0;Beraberlik
2653867;Pachuca - Atlas;Pachuca;Ev Sahibi;LIG;14 Oca;Pachuca;Club Leon;2 - 1;1-0;Galibiyet
2653867;Pachuca - Atlas;Pachuca;Ev Sahibi;LIG;11 Oca;Guadalajara;Pachuca;2 - 0;2-0;Mağlubiyet
2653867;Pachuca - Atlas;Pachuca;Ev Sahibi;HAZ;30 Ara;Tlaxcala;Pachuca;1 - 4;0-3;Galibiyet
2653867;Pachuca - Atlas;Atlas;Deplasman;LIG;8 Şub;Atlas;Pumas;2 - 2;1-2;Beraberlik
2653867;Pachuca - Atlas;Atlas;Deplasman;LIG;1 Şub;Atlas;Monarcas;1 - 0;1-0;Galibiyet
2653867;Pachuca - Atlas;Atlas;Deplasman;LIG;18 Oca;Necaxa;Atlas;0 - 1;0-1;Galibiyet
2653867;Pachuca - Atlas;Atlas;Deplasman;LIG;15 Oca;Cruz Azul;Atlas;2 - 0;2-0;Mağlubiyet
2653867;Pachuca - Atlas;Atlas;Deplasman;LIG;10 Oca;Atlas;Puebla;1 - 0;1-0;Galibiyet
2653867;Pachuca - Atlas;Atlas;Deplasman;HAZ;5 Oca;Atlas;Monterrey;1 - 2;1-0;Mağlubiyet
